"Inicio del informe","Fin del informe","Nombre de la campaña",Edad,"Entrega de la campaña","Presupuesto del conjunto de anuncios","Tipo de presupuesto del conjunto de anuncios","Importe gastado (COP)",Impresiones,Alcance,"Clics (todos)","Clics en el enlace","CTR único (porcentaje de clics en el enlace)","CPC (costo por clic en el enlace) (COP)",Resultados,"Indicador de resultado","Costo por resultados",Finalización,"Configuración de atribución","CPM (costo por mil impresiones) (COP)","ROAS (retorno de la inversión en publicidad) de compras",Frecuencia,Compras
2025-11-01,2026-03-20,"F1 - RECON - ENGANCHE - EVENTOS GRUPO EFFI  - VIDEOS - 24/09/25",18-24,active,"Con el presupuesto del conjunto de anuncios",0,45493,9778,7206,24,,0,,7273,video_thruplay_watched_actions,6.25507574,"En curso","7 días tras clic o 1 día tras visualización",4652.6044,,1.356925,
2025-11-01,2026-03-20,"🟢F2 - ADVTG - VENTAS - VSL LANDING - EFFICOMMERCE - VIDS - 09/01/2026",18-24,active,84615,Diario,469260,37174,10082,654,347,2.886332,1352.333315,,,,"En curso","7 días tras clic, 1 día tras visualización o 1 día tras visualización activa",12623.329753,,3.687165,
2025-11-01,2026-03-20,"F1 - TRÁFICO IG - ENGANCHE - EVENTOS GRUPO EFFI  - VIDEOS - 08/10/25",18-24,inactive,"Con el presupuesto del conjunto de anuncios",0,37941,8171,5286,188,184,3.367386,206.198947,186,profile_visit_view,203.98175439,"En curso","7 días tras clic o 1 día tras visualización",4643.324724,,1.545781,
2025-11-01,2026-03-20,"🟢F2 - ADVTG SEGMENTADA - VENTAS - VSL LANDING - EFFICOMMERCE - VIDS - 09/01/2026",18-24,active,50000,Diario,145881,12500,4383,258,134,2.646589,1088.66366,,,,"En curso","7 días tras clic, 1 día tras visualización o 1 día tras visualización activa",11670.474433,,2.851928,
2025-11-01,2026-03-20,"F1 - TRÁFICO IG - ENGANCHE - EFFI WOMAN  - VIDEOS - 21/10/25",18-24,active,10000,Diario,103322,25282,11862,747,760,5.901197,135.950598,749,profile_visit_view,137.94720183,"En curso","7 días tras clic o 1 día tras visualización",4086.799073,,2.131344,
2025-11-01,2026-03-20,"🟢F2 - ADVTG - VENTAS - WHATSAPP - EFFICOMMERCE - VIDS - 09/01/2026",18-24,inactive,50000,Diario,40653,5137,3271,140,36,1.100581,1129.263113,24,actions:onsite_conversion.messaging_conversation_started_7d,1693.89466941,"En curso","7 días tras clic o 1 día tras visualización",7913.854792,,1.570468,
2025-11-01,2026-03-20,"🟢F2 - VENTAS - WHATSAPP - EFFISYSTEMS - VIDS - 26/10/25",18-24,inactive,"Con el presupuesto del conjunto de anuncios",0,364925,18423,8789,850,310,3.0834,1177.177084,185,actions:onsite_conversion.messaging_conversation_started_7d,1972.56700501,"En curso","7 días tras clic o 1 día tras visualización",19808.114635,,2.096143,
2025-11-01,2026-03-20,"F2 - VENTAS - REGISTRO -GRUPO EFFI -  EVENTO Juan Pablo López - IMG y VID 20/01/26",18-24,inactive,"Con el presupuesto del conjunto de anuncios",0,33833,5259,1539,62,43,2.209227,786.814961,22,actions:offsite_conversion.fb_pixel_complete_registration,1537.86560566,"En curso","7 días tras clic, 1 día tras visualización o 1 día tras visualización activa",6433.360587,,3.417154,
2025-11-01,2026-03-20,"🟢F2 - VENTAS - WHATSAPP - EFFICOMMERCE - VIDS - 26/10/25",18-24,inactive,"Con el presupuesto del conjunto de anuncios",0,1483649,84432,32950,1914,565,1.581184,2625.927928,300,actions:onsite_conversion.messaging_conversation_started_7d,4945.49759837,"En curso","7 días tras clic o 1 día tras visualización",17572.120517,,2.562428,
2025-11-01,2026-03-20,"F2 - VENTAS - REGISTRO -GRUPO EFFI -  EVENTO SANTIAGO VELEZ - IMG y VID 02/02/26",18-24,inactive,"Con el presupuesto del conjunto de anuncios",0,15446,2135,1324,22,16,1.208459,965.383584,8,actions:offsite_conversion.fb_pixel_complete_registration,1930.76716794,"En curso","7 días tras clic, 1 día tras visualización o 1 día tras visualización activa",7234.724751,,1.612538,
2025-11-01,2026-03-20,"F2 - VENTAS - WHATSAPP - EFFICOMMERCE PROVEEDORES - VIDS - 26/10/25",18-24,inactive,"Con el presupuesto del conjunto de anuncios",0,24299,2106,1279,64,22,1.720094,1104.5,14,actions:onsite_conversion.messaging_conversation_started_7d,1735.64285714,"En curso","7 días tras clic o 1 día tras visualización",11537.986705,,1.646599,
2025-11-01,2026-03-20,"F2 - VENTAS - REGISTRO -GRUPO EFFI -  EVENTO Esteban Gómez, Juan Aristizábal - IMG 05/02/26",18-24,inactive,"Con el presupuesto del conjunto de anuncios",0,32196,5828,2166,194,103,4.062789,312.580327,34,actions:offsite_conversion.fb_pixel_complete_registration,946.93451977,"En curso","7 días tras clic, 1 día tras visualización o 1 día tras visualización activa",5524.326299,,2.690674,
2025-11-01,2026-03-20,"ADVTG - F2 - VENTAS - WHATSAPP - UNIREMINGTON - 31/10/25",18-24,inactive,200000,Diario,144335,13641,5783,245,37,0.605222,3900.950948,19,actions:onsite_conversion.messaging_conversation_started_7d,7596.58868823,"En curso","7 días tras clic o 1 día tras visualización",10580.982705,,2.35881,
2025-11-01,2026-03-20,"F2 - VENTAS - REGISTRO -GRUPO EFFI -  EVENTO Christian Chávez - IMG 12/02/26",18-24,inactive,"Con el presupuesto del conjunto de anuncios",0,25143,4188,1339,59,37,2.763256,679.52933,18,actions:offsite_conversion.fb_pixel_complete_registration,1396.81029028,"En curso","7 días tras clic, 1 día tras visualización o 1 día tras visualización activa",6003.482623,,3.127707,
2025-11-01,2026-03-20,"F2 - VENTAS - REGISTRO - GRUPO EFFI -  PRENDAS CONTROL - IMG - 31/10/25",18-24,inactive,"Con el presupuesto del conjunto de anuncios",0,14825,1607,587,20,14,1.703578,1058.901883,2,actions:offsite_conversion.fb_pixel_complete_registration,7412.31317869,"En curso","7 días tras clic, 1 día tras visualización o 1 día tras visualización activa",9225.031959,,2.737649,
2025-11-01,2026-03-20,"F2 - EVENTO - REGISTRO - EFFIWOMAN -  Tata Salazar - IMG 13/02/26",18-24,inactive,60000,Diario,11198,1159,411,11,7,1.703163,1599.714286,34,actions:offsite_conversion.fb_pixel_complete_registration,329.35294118,"En curso",-,9661.777394,,2.819951,
2025-11-01,2026-03-20,"F2 - VENTAS - REGISTRO -GRUPO EFFI -  PAOLA SANCHEZ - IMG - 06/11/25",18-24,inactive,"Con el presupuesto del conjunto de anuncios",0,17057,1844,656,22,14,1.829268,1218.323294,8,actions:offsite_conversion.fb_pixel_complete_registration,2132.06576365,"En curso","7 días tras clic, 1 día tras visualización o 1 día tras visualización activa",9249.743009,,2.810976,
2025-11-01,2026-03-20,"F2 - VENTAS - REGISTRO -GRUPO EFFI -  EVENTO Juliana Berrio - IMG 18/02/26",18-24,inactive,"Con el presupuesto del conjunto de anuncios",0,19893,2585,809,28,20,2.224969,994.65,9,actions:offsite_conversion.fb_pixel_complete_registration,2210.33333333,"En curso","7 días tras clic, 1 día tras visualización o 1 día tras visualización activa",7695.551257,,3.195303,
2025-11-01,2026-03-20,"F2 - EVENTO - REGISTRO - EFFIWOMAN -  KELIN OSORIO - IMG 07/11/25",18-24,inactive,45000,Diario,4212,553,392,2,1,0.255102,4212,,,,"En curso","7 días tras clic, 1 día tras visualización o 1 día tras visualización activa",7616.636528,,1.410714,
2025-11-01,2026-03-20,"F2 - VENTAS - REGISTRO -GRUPO EFFI -  EVENTO Jackson Rozo - IMG 27/02/26",18-24,inactive,"Con el presupuesto del conjunto de anuncios",0,5069,521,385,4,3,0.779221,1689.666667,,,,"En curso","7 días tras clic, 1 día tras visualización o 1 día tras visualización activa",9729.366603,,1.353247,
2025-11-01,2026-03-20,"F2 - EVENTO - REGISTRO - EFFIWOMAN -  KELIN OSORIO - IMG 07/11/25 - Copia",18-24,inactive,50000,Diario,4794,470,305,3,2,0.655738,2397,,,,"En curso","7 días tras clic, 1 día tras visualización o 1 día tras visualización activa",10200,,1.540984,
2025-11-01,2026-03-20,"F2 - VENTAS - REGISTRO -GRUPO EFFI -  JACKSON ROZO - IMG 02/03/26",18-24,inactive,"Con el presupuesto del conjunto de anuncios",0,13071,1425,819,17,16,1.709402,816.9375,2,actions:offsite_conversion.fb_pixel_complete_registration,6535.5,"En curso","7 días tras clic, 1 día tras visualización o 1 día tras visualización activa",9172.631579,,1.739927,
2025-11-01,2026-03-20,"ADVTG - F3 rmkt - VENTAS - WHATSAPP - UNIREMINGTON - 10/11/25",18-24,inactive,50000,Diario,3089,223,91,1,1,1.098901,3089,,,,"En curso","7 días tras clic o 1 día tras visualización",13852.017937,,2.450549,
2025-11-01,2026-03-20,"F2 - LEADS - REGISTRO -GRUPO EFFI -  JACKSON ROZO - IMG 03/03/26",18-24,inactive,"Con el presupuesto del conjunto de anuncios",0,5954,516,335,3,3,0.895522,1984.666667,,,,"En curso","7 días tras clic, 1 día tras visualización o 1 día tras visualización activa",11538.75969,,1.540299,
2025-11-01,2026-03-20,"ANDR - F2 - VENTAS - REGISTRO -GRUPO EFFI -  JUEVES DE PROVEEDORES - IMG Y VIDEO - 12/11/25",18-24,inactive,25000,Diario,19432,2847,1803,101,48,2.49584,404.839376,10,actions:offsite_conversion.fb_pixel_complete_registration,1943.22900659,"En curso","7 días tras clic, 1 día tras visualización o 1 día tras visualización activa",6825.532162,,1.579035,
2025-11-01,2026-03-20,"F2 - VENTAS - REGISTRO -GRUPO EFFI -  EVENTO CEOs de Malteatto  - IMG 05/03/26",18-24,inactive,"Con el presupuesto del conjunto de anuncios",0,18851,2861,1133,59,23,1.941748,819.58902,11,actions:offsite_conversion.fb_pixel_complete_registration,1713.68613276,"En curso","7 días tras clic, 1 día tras visualización o 1 día tras visualización activa",6588.796736,,2.525154,
2025-11-01,2026-03-20,"F2 - VENTAS - REGISTRO -GRUPO EFFI -  COCO PLATANOS VERDES - IMG - 13/11/25",18-24,inactive,"Con el presupuesto del conjunto de anuncios",0,14024,1918,819,13,9,1.098901,1558.220742,10,actions:offsite_conversion.fb_pixel_complete_registration,1402.39866818,"En curso","7 días tras clic, 1 día tras visualización o 1 día tras visualización activa",7311.776164,,2.34188,
2025-11-01,2026-03-20,"F2 - VENTAS - REGISTROS - EVENTO EFFIWOMAN FEST - 11/03/2026",18-24,inactive,40000,Diario,9077,1299,649,29,19,2.465331,477.736842,4,actions:offsite_conversion.fb_pixel_complete_registration,2269.25,"En curso","7 días tras clic, 1 día tras visualización o 1 día tras visualización activa",6987.682833,,2.001541,
2025-11-01,2026-03-20,"F2 - VENTAS - REGISTRO - EFFICOMMERCE -  EVENTO ECUADOR - IMG - 19/11/25",18-24,inactive,"Con el presupuesto del conjunto de anuncios",0,2412,403,380,11,8,1.842105,301.5,,,,"En curso","7 días tras clic, 1 día tras visualización o 1 día tras visualización activa",5985.111663,,1.060526,
2025-11-01,2026-03-20,"F2 - LEADS - REGISTROS - EVENTO EFFIWOMAN FEST - 11/03/2026 - Copia",18-24,inactive,40000,Diario,10586,1715,746,41,27,2.815013,392.074074,8,actions:offsite_conversion.fb_pixel_complete_registration,1323.25,"En curso","7 días tras clic, 1 día tras visualización o 1 día tras visualización activa",6172.594752,,2.298928,
2025-11-01,2026-03-20,"🟣JUAN - F1 - RECONOCIMIENTO  - IG JUAN CARMONA -  20/11/2025",18-24,active,5000,Diario,83193,44736,33821,113,20,0.059135,4159.657301,8762,video_thruplay_watched_actions,9.49476672,"En curso","7 días tras clic o 1 día tras visualización",1859.646504,,1.322728,
2025-11-01,2026-03-20,"F2 - VENTAS - REGISTRO -GRUPO EFFI -  EVENTO  Joako estratega - IMG 12/03/26",18-24,inactive,"Con el presupuesto del conjunto de anuncios",0,23493,3776,1288,33,20,1.552795,1174.625846,7,actions:offsite_conversion.fb_pixel_complete_registration,3356.0738471,"En curso","7 días tras clic, 1 día tras visualización o 1 día tras visualización activa",6221.535204,,2.931677,
2025-11-01,2026-03-20,"🟣JUAN - F1 - INTERACCIÓN  - IG JUAN CARMONA -  20/11/2025 - Copia",18-24,active,5000,Diario,110112,81440,53041,221,35,0.064101,3146.053255,43012,actions:post_engagement,2.5600266,"En curso","7 días tras clic o 1 día tras visualización",1352.061197,,1.535416,
2025-11-01,2026-03-20,"🔴OSWALDO - F1 - RECONOCIMIENTO - THRUPLAYS - IG OSWALDO  -  17/03/2026",18-24,active,5000,Diario,435,172,154,0,,0,,60,video_thruplay_watched_actions,7.25775595,"En curso","7 días tras clic o 1 día tras visualización",2531.775333,,1.116883,
2025-11-01,2026-03-20,"🟣JUAN - F1 - TRÁFICO  - IG JUAN CARMONA -  20/11/2025",18-24,active,20000,Diario,270426,107849,55409,2239,2208,3.528308,122.475426,2097,profile_visit_view,128.95838865,"En curso","1 día tras clic",2507.44783,,1.946417,
2025-11-01,2026-03-20,"🔴OSWALDO - F1 - TRÁFICO  - IG OSWALDO -  17/03/2026",18-24,active,10000,Diario,2834,712,575,18,16,2.608696,177.152488,13,profile_visit_view,218.03383163,"En curso","1 día tras clic",3980.954791,,1.238261,
2025-11-01,2026-03-20,"F2 - VENTAS - REGISTRO -GRUPO EFFI -  JAIME A. CORREA - IMG - 21/11/25",18-24,inactive,"Con el presupuesto del conjunto de anuncios",0,15434,2154,864,30,16,1.736111,964.625,2,actions:offsite_conversion.fb_pixel_complete_registration,7717,"En curso","7 días tras clic, 1 día tras visualización o 1 día tras visualización activa",7165.273909,,2.493056,
2025-11-01,2026-03-20,"🟢F2 - ADVTG - VENTAS - VSL LANDING - EFFICOMMERCE - VIDS - 09/01/2026 - Copia",18-24,active,84615,Diario,4475,284,232,8,4,1.724138,1118.765092,,,,"En curso","7 días tras clic, 1 día tras visualización o 1 día tras visualización activa",15757.254817,,1.224138,
2025-11-01,2026-03-20,"🟡SARA - F1 - RECONOCIMIENTO  - IG SARA MONTOYA -  20/11/2025 - Copia",18-24,active,5000,Diario,72026,55819,42274,992,4,0.009462,18006.447279,12926,video_thruplay_watched_actions,5.57216379,"En curso","7 días tras clic o 1 día tras visualización",1290.345386,,1.32041,
2025-11-01,2026-03-20,"F2 - VENTAS - REGISTRO -GRUPO EFFI -  JULIO C. RENDÓN - IMG - 26/11/25",18-24,inactive,"Con el presupuesto del conjunto de anuncios",0,12427,1933,817,12,7,0.856793,1775.334921,1,actions:offsite_conversion.fb_pixel_complete_registration,12427.34444432,"En curso","7 días tras clic, 1 día tras visualización o 1 día tras visualización activa",6429.045238,,2.365973,
2025-11-01,2026-03-20,"🟡SARA - F1 - TRAFICO  - IG SARA MONTOYA -  26/11/2025",18-24,active,20000,Diario,267415,93903,61045,4783,4839,7.528872,55.26242,4794,profile_visit_view,55.78115365,"En curso","1 día tras clic",2847.7775,,1.538259,
2025-11-01,2026-03-20,"🟡SARA - F1 - INTERACCIÓN  - IG SARA MONTOYA -  26/11/2025",18-24,inactive,7500,Diario,44448,42718,31933,1089,12,0.037579,3703.9935,32045,actions:post_engagement,1.38704703,"En curso","7 días tras clic o 1 día tras visualización",1040.496325,,1.337738,
2025-11-01,2026-03-20,"F2 - VENTAS - REGISTRO -GRUPO EFFI -  ANDRÉS ORTEGA - IMG - 09/12/25",18-24,inactive,"Con el presupuesto del conjunto de anuncios",0,8032,1086,844,24,14,1.540284,573.689233,5,actions:offsite_conversion.fb_pixel_complete_registration,1606.32985127,"En curso","7 días tras clic, 1 día tras visualización o 1 día tras visualización activa",7395.625466,,1.28673,
2025-11-01,2026-03-20,"F2 - EVENTO - REGISTRO - EFFIWOMAN -  @paofelicidad - IMG 07/01/26",18-24,inactive,"Con el presupuesto del conjunto de anuncios",0,18398,2125,585,23,16,2.393162,1149.852777,5,actions:offsite_conversion.fb_pixel_complete_registration,3679.52888506,"En curso","7 días tras clic, 1 día tras visualización o 1 día tras visualización activa",8657.715024,,3.632479,
2025-11-01,2026-03-20,"🟢F2 - ADVTG - VENTAS - VSL LANDING - EFFICOMMERCE - VIDS - 09/01/2026",25-34,active,84615,Diario,1536477,104296,26537,2145,1149,3.289746,1337.229601,,,,"En curso","7 días tras clic, 1 día tras visualización o 1 día tras visualización activa",14731.886278,,3.930211,
2025-11-01,2026-03-20,"F1 - RECON - ENGANCHE - EVENTOS GRUPO EFFI  - VIDEOS - 24/09/25",25-34,active,"Con el presupuesto del conjunto de anuncios",0,94149,21443,15567,55,2,0.012848,47074.706355,15218,video_thruplay_watched_actions,6.18671394,"En curso","7 días tras clic o 1 día tras visualización",4390.682867,,1.377465,
2025-11-01,2026-03-20,"🟢F2 - ADVTG SEGMENTADA - VENTAS - VSL LANDING - EFFICOMMERCE - VIDS - 09/01/2026",25-34,active,50000,Diario,946030,69692,22917,1789,955,3.355588,990.607397,,,,"En curso","7 días tras clic, 1 día tras visualización o 1 día tras visualización activa",13574.442745,,3.041061,
2025-11-01,2026-03-20,"F1 - TRÁFICO IG - ENGANCHE - EVENTOS GRUPO EFFI  - VIDEOS - 08/10/25",25-34,inactive,"Con el presupuesto del conjunto de anuncios",0,118848,19188,13889,554,537,3.79437,221.318495,538,profile_visit_view,220.9071222,"En curso","7 días tras clic o 1 día tras visualización",6193.872824,,1.381525,
2025-11-01,2026-03-20,"🟢F2 - ADVTG - VENTAS - WHATSAPP - EFFICOMMERCE - VIDS - 09/01/2026",25-34,inactive,50000,Diario,52146,6382,4161,130,32,0.745013,1629.576676,19,actions:onsite_conversion.messaging_conversation_started_7d,2744.55019157,"En curso","7 días tras clic o 1 día tras visualización",8170.863936,,1.533766,
2025-11-01,2026-03-20,"F1 - TRÁFICO IG - ENGANCHE - EFFI WOMAN  - VIDEOS - 21/10/25",25-34,active,10000,Diario,674505,122554,48912,3557,3614,6.675254,186.636743,3598,profile_visit_view,187.46670099,"En curso","7 días tras clic o 1 día tras visualización",5503.73868,,2.505602,
2025-11-01,2026-03-20,"F2 - VENTAS - REGISTRO -GRUPO EFFI -  EVENTO Juan Pablo López - IMG y VID 20/01/26",25-34,inactive,"Con el presupuesto del conjunto de anuncios",0,128274,17037,4921,279,151,2.702703,849.499158,61,actions:offsite_conversion.fb_pixel_complete_registration,2102.85857159,"En curso","7 días tras clic, 1 día tras visualización o 1 día tras visualización activa",7529.16434,,3.462101,
2025-11-01,2026-03-20,"🟢F2 - VENTAS - WHATSAPP - EFFISYSTEMS - VIDS - 26/10/25",25-34,inactive,"Con el presupuesto del conjunto de anuncios",0,874734,53539,27214,1980,699,2.289263,1251.407131,381,actions:onsite_conversion.messaging_conversation_started_7d,2295.88867306,"En curso","7 días tras clic o 1 día tras visualización",16338.25033,,1.967333,
2025-11-01,2026-03-20,"F2 - VENTAS - REGISTRO -GRUPO EFFI -  EVENTO SANTIAGO VELEZ - IMG y VID 02/02/26",25-34,inactive,"Con el presupuesto del conjunto de anuncios",0,79703,9339,5658,194,120,1.926476,664.189239,49,actions:offsite_conversion.fb_pixel_complete_registration,1626.58589181,"En curso","7 días tras clic, 1 día tras visualización o 1 día tras visualización activa",8534.394335,,1.650583,
2025-11-01,2026-03-20,"🟢F2 - VENTAS - WHATSAPP - EFFICOMMERCE - VIDS - 26/10/25",25-34,inactive,"Con el presupuesto del conjunto de anuncios",0,1839534,110422,47181,2373,712,1.413705,2583.615101,330,actions:onsite_conversion.messaging_conversation_started_7d,5574.34530779,"En curso","7 días tras clic o 1 día tras visualización",16659.12546,,2.340391,
2025-11-01,2026-03-20,"F2 - VENTAS - REGISTRO -GRUPO EFFI -  EVENTO Esteban Gómez, Juan Aristizábal - IMG 05/02/26",25-34,inactive,"Con el presupuesto del conjunto de anuncios",0,77025,12483,4743,416,209,3.795066,368.538744,47,actions:offsite_conversion.fb_pixel_complete_registration,1638.82122543,"En curso","7 días tras clic, 1 día tras visualización o 1 día tras visualización activa",6170.359497,,2.631879,
2025-11-01,2026-03-20,"F2 - VENTAS - WHATSAPP - EFFICOMMERCE PROVEEDORES - VIDS - 26/10/25",25-34,inactive,"Con el presupuesto del conjunto de anuncios",0,63363,5226,3349,101,29,0.806211,2184.931034,16,actions:onsite_conversion.messaging_conversation_started_7d,3960.1875,"En curso","7 días tras clic o 1 día tras visualización",12124.56946,,1.560466,
2025-11-01,2026-03-20,"F2 - VENTAS - REGISTRO -GRUPO EFFI -  EVENTO Christian Chávez - IMG 12/02/26",25-34,inactive,"Con el presupuesto del conjunto de anuncios",0,72440,9940,3355,144,70,1.907601,1034.852659,41,actions:offsite_conversion.fb_pixel_complete_registration,1766.82161278,"En curso","7 días tras clic, 1 día tras visualización o 1 día tras visualización activa",7287.694781,,2.962742,
2025-11-01,2026-03-20,"ADVTG - F2 - VENTAS - WHATSAPP - UNIREMINGTON - 31/10/25",25-34,inactive,200000,Diario,557744,50689,19875,885,192,0.890566,2904.917563,95,actions:onsite_conversion.messaging_conversation_started_7d,5870.99128518,"En curso","7 días tras clic o 1 día tras visualización",11003.258539,,2.55039,
2025-11-01,2026-03-20,"F2 - EVENTO - REGISTRO - EFFIWOMAN -  Tata Salazar - IMG 13/02/26",25-34,inactive,60000,Diario,58295,5000,1847,81,45,2.3281,1295.444444,16,actions:offsite_conversion.fb_pixel_complete_registration,3643.4375,"En curso",-,11659,,2.707093,
2025-11-01,2026-03-20,"F2 - VENTAS - REGISTRO - GRUPO EFFI -  PRENDAS CONTROL - IMG - 31/10/25",25-34,inactive,"Con el presupuesto del conjunto de anuncios",0,61092,5877,2105,67,38,1.662708,1607.673189,21,actions:offsite_conversion.fb_pixel_complete_registration,2909.12291376,"En curso","7 días tras clic, 1 día tras visualización o 1 día tras visualización activa",10395.028278,,2.791924,
2025-11-01,2026-03-20,"F2 - VENTAS - REGISTRO -GRUPO EFFI -  EVENTO Juliana Berrio - IMG 18/02/26",25-34,inactive,"Con el presupuesto del conjunto de anuncios",0,72841,7488,2509,159,78,2.431248,933.858974,22,actions:offsite_conversion.fb_pixel_complete_registration,3310.95454545,"En curso","7 días tras clic, 1 día tras visualización o 1 día tras visualización activa",9727.69765,,2.984456,
2025-11-01,2026-03-20,"F2 - VENTAS - REGISTRO -GRUPO EFFI -  PAOLA SANCHEZ - IMG - 06/11/25",25-34,inactive,"Con el presupuesto del conjunto de anuncios",0,74306,6467,2263,75,55,2.342024,1351.018271,27,actions:offsite_conversion.fb_pixel_complete_registration,2752.07425494,"En curso","7 días tras clic, 1 día tras visualización o 1 día tras visualización activa",11490.027042,,2.857711,
2025-11-01,2026-03-20,"F2 - VENTAS - REGISTRO -GRUPO EFFI -  EVENTO Jackson Rozo - IMG 27/02/26",25-34,inactive,"Con el presupuesto del conjunto de anuncios",0,17178,1725,1280,17,8,0.625,2147.25,1,actions:offsite_conversion.fb_pixel_complete_registration,17178,"En curso","7 días tras clic, 1 día tras visualización o 1 día tras visualización activa",9958.26087,,1.347656,
2025-11-01,2026-03-20,"F2 - EVENTO - REGISTRO - EFFIWOMAN -  KELIN OSORIO - IMG 07/11/25",25-34,inactive,45000,Diario,16162,1332,873,12,8,0.801833,2020.25,,,,"En curso","7 días tras clic, 1 día tras visualización o 1 día tras visualización activa",12133.633634,,1.525773,
2025-11-01,2026-03-20,"F2 - VENTAS - REGISTRO -GRUPO EFFI -  JACKSON ROZO - IMG 02/03/26",25-34,inactive,"Con el presupuesto del conjunto de anuncios",0,51444,4968,2870,43,32,1.080139,1607.625,9,actions:offsite_conversion.fb_pixel_complete_registration,5716,"En curso","7 días tras clic, 1 día tras visualización o 1 día tras visualización activa",10355.072464,,1.73101,
2025-11-01,2026-03-20,"F2 - EVENTO - REGISTRO - EFFIWOMAN -  KELIN OSORIO - IMG 07/11/25 - Copia",25-34,inactive,50000,Diario,28412,1867,1194,21,10,0.837521,2841.2,4,actions:offsite_conversion.fb_pixel_complete_registration,7103,"En curso","7 días tras clic, 1 día tras visualización o 1 día tras visualización activa",15217.996786,,1.563652,
2025-11-01,2026-03-20,"F2 - LEADS - REGISTRO -GRUPO EFFI -  JACKSON ROZO - IMG 03/03/26",25-34,inactive,"Con el presupuesto del conjunto de anuncios",0,18099,1331,881,29,17,1.816118,1064.647059,4,actions:offsite_conversion.fb_pixel_complete_registration,4524.75,"En curso","7 días tras clic, 1 día tras visualización o 1 día tras visualización activa",13598.046582,,1.510783,
2025-11-01,2026-03-20,"ADVTG - F3 rmkt - VENTAS - WHATSAPP - UNIREMINGTON - 10/11/25",25-34,inactive,50000,Diario,19153,943,338,10,3,0.591716,6384.333333,,,,"En curso","7 días tras clic o 1 día tras visualización",20310.710498,,2.789941,
2025-11-01,2026-03-20,"F2 - VENTAS - REGISTRO -GRUPO EFFI -  EVENTO CEOs de Malteatto  - IMG 05/03/26",25-34,inactive,"Con el presupuesto del conjunto de anuncios",0,76723,9668,3779,300,111,2.699127,691.195031,58,actions:offsite_conversion.fb_pixel_complete_registration,1322.80428419,"En curso","7 días tras clic, 1 día tras visualización o 1 día tras visualización activa",7935.731122,,2.558349,
2025-11-01,2026-03-20,"ANDR - F2 - VENTAS - REGISTRO -GRUPO EFFI -  JUEVES DE PROVEEDORES - IMG Y VIDEO - 12/11/25",25-34,inactive,25000,Diario,72748,9339,5422,350,212,3.246035,343.151349,58,actions:offsite_conversion.fb_pixel_complete_registration,1254.2773433,"En curso","7 días tras clic, 1 día tras visualización o 1 día tras visualización activa",7789.70831,,1.722427,
2025-11-01,2026-03-20,"F2 - VENTAS - REGISTROS - EVENTO EFFIWOMAN FEST - 11/03/2026",25-34,inactive,40000,Diario,55841,6296,3014,194,120,3.5501,465.341667,65,actions:offsite_conversion.fb_pixel_complete_registration,859.09230769,"En curso","7 días tras clic, 1 día tras visualización o 1 día tras visualización activa",8869.282084,,2.088918,
2025-11-01,2026-03-20,"F2 - VENTAS - REGISTRO -GRUPO EFFI -  COCO PLATANOS VERDES - IMG - 13/11/25",25-34,inactive,"Con el presupuesto del conjunto de anuncios",0,73407,7681,3575,113,81,2.041958,906.264187,39,actions:offsite_conversion.fb_pixel_complete_registration,1882.24100312,"En curso","7 días tras clic, 1 día tras visualización o 1 día tras visualización activa",9557.010692,,2.148531,
2025-11-01,2026-03-20,"F2 - LEADS - REGISTROS - EVENTO EFFIWOMAN FEST - 11/03/2026 - Copia",25-34,inactive,40000,Diario,60782,8147,3570,189,119,2.885154,510.773109,69,actions:offsite_conversion.fb_pixel_complete_registration,880.89855072,"En curso","7 días tras clic, 1 día tras visualización o 1 día tras visualización activa",7460.660366,,2.282073,
2025-11-01,2026-03-20,"F2 - VENTAS - REGISTRO - EFFICOMMERCE -  EVENTO ECUADOR - IMG - 19/11/25",25-34,inactive,"Con el presupuesto del conjunto de anuncios",0,10007,1103,1048,13,8,0.763359,1250.875,,,,"En curso","7 días tras clic, 1 día tras visualización o 1 día tras visualización activa",9072.529465,,1.052481,
2025-11-01,2026-03-20,"F2 - VENTAS - REGISTRO -GRUPO EFFI -  EVENTO  Joako estratega - IMG 12/03/26",25-34,inactive,"Con el presupuesto del conjunto de anuncios",0,77698,10661,3723,154,89,2.175665,873.007974,25,actions:offsite_conversion.fb_pixel_complete_registration,3107.90838647,"En curso","7 días tras clic, 1 día tras visualización o 1 día tras visualización activa",7288.032048,,2.863551,
2025-11-01,2026-03-20,"🟣JUAN - F1 - RECONOCIMIENTO  - IG JUAN CARMONA -  20/11/2025",25-34,active,5000,Diario,119002,62744,48400,410,76,0.154959,1565.809383,13541,video_thruplay_watched_actions,8.7882367,"En curso","7 días tras clic o 1 día tras visualización",1896.619806,,1.296364,
2025-11-01,2026-03-20,"🔴OSWALDO - F1 - RECONOCIMIENTO - THRUPLAYS - IG OSWALDO  -  17/03/2026",25-34,active,5000,Diario,1386,492,449,4,,0,,201,video_thruplay_watched_actions,6.89658979,"En curso","7 días tras clic o 1 día tras visualización",2817.509244,,1.095768,
2025-11-01,2026-03-20,"🟣JUAN - F1 - INTERACCIÓN  - IG JUAN CARMONA -  20/11/2025 - Copia",25-34,active,5000,Diario,149237,102746,69428,591,55,0.079219,2713.404307,61395,actions:post_engagement,2.43077184,"En curso","7 días tras clic o 1 día tras visualización",1452.487074,,1.479893,
2025-11-01,2026-03-20,"🔴OSWALDO - F1 - TRÁFICO  - IG OSWALDO -  17/03/2026",25-34,active,10000,Diario,8187,1717,1392,38,38,2.514368,215.460275,38,profile_visit_view,215.46027497,"En curso","1 día tras clic",4768.485992,,1.233477,
2025-11-01,2026-03-20,"🟣JUAN - F1 - TRÁFICO  - IG JUAN CARMONA -  20/11/2025",25-34,active,20000,Diario,843116,241570,127479,5731,5442,4.094008,154.927592,5294,profile_visit_view,159.25877541,"En curso","1 día tras clic",3490.151745,,1.894979,
2025-11-01,2026-03-20,"🟢F2 - ADVTG - VENTAS - VSL LANDING - EFFICOMMERCE - VIDS - 09/01/2026 - Copia",25-34,active,84615,Diario,22232,1373,1059,53,26,2.17186,855.077374,,,,"En curso","7 días tras clic, 1 día tras visualización o 1 día tras visualización activa",16192.288222,,1.296506,
2025-11-01,2026-03-20,"F2 - VENTAS - REGISTRO -GRUPO EFFI -  JAIME A. CORREA - IMG - 21/11/25",25-34,inactive,"Con el presupuesto del conjunto de anuncios",0,62252,6654,2713,61,35,1.179506,1778.628571,20,actions:offsite_conversion.fb_pixel_complete_registration,3112.6,"En curso","7 días tras clic, 1 día tras visualización o 1 día tras visualización activa",9355.575594,,2.452635,
2025-11-01,2026-03-20,"🟡SARA - F1 - RECONOCIMIENTO  - IG SARA MONTOYA -  20/11/2025 - Copia",25-34,active,5000,Diario,236750,178687,131629,4019,30,0.022032,7891.672263,48684,video_thruplay_watched_actions,4.86299745,"En curso","7 días tras clic o 1 día tras visualización",1324.943437,,1.357505,
2025-11-01,2026-03-20,"F2 - VENTAS - REGISTRO -GRUPO EFFI -  JULIO C. RENDÓN - IMG - 26/11/25",25-34,inactive,"Con el presupuesto del conjunto de anuncios",0,52394,7358,3235,81,36,1.020093,1455.40145,17,actions:offsite_conversion.fb_pixel_complete_registration,3082.02659991,"En curso","7 días tras clic, 1 día tras visualización o 1 día tras visualización activa",7120.746425,,2.274498,
2025-11-01,2026-03-20,"🟡SARA - F1 - TRAFICO  - IG SARA MONTOYA -  26/11/2025",25-34,active,20000,Diario,1017972,296700,165367,15284,15504,8.834895,65.65867,15419,profile_visit_view,66.02062516,"En curso","1 día tras clic",3430.980854,,1.794191,
2025-11-01,2026-03-20,"🟡SARA - F1 - INTERACCIÓN  - IG SARA MONTOYA -  26/11/2025",25-34,inactive,7500,Diario,141319,134596,89708,3325,17,0.01895,8312.888876,102749,actions:post_engagement,1.37538186,"En curso","7 días tras clic o 1 día tras visualización",1049.950302,,1.500379,
2025-11-01,2026-03-20,"F2 - VENTAS - REGISTRO -GRUPO EFFI -  ANDRÉS ORTEGA - IMG - 09/12/25",25-34,inactive,"Con el presupuesto del conjunto de anuncios",0,36298,4037,3077,88,34,1.072473,1067.593145,8,actions:offsite_conversion.fb_pixel_complete_registration,4537.27086762,"En curso","7 días tras clic, 1 día tras visualización o 1 día tras visualización activa",8991.371548,,1.311992,
2025-11-01,2026-03-20,"F2 - EVENTO - REGISTRO - EFFIWOMAN -  @paofelicidad - IMG 07/01/26",25-34,inactive,"Con el presupuesto del conjunto de anuncios",0,118241,12002,3150,178,108,3.015873,1094.825386,57,actions:offsite_conversion.fb_pixel_complete_registration,2074.40599479,"En curso","7 días tras clic, 1 día tras visualización o 1 día tras visualización activa",9851.786511,,3.810159,
2025-11-01,2026-03-20,"F3 - RMKT - WHATSAPP - UNIREMINGTON - 22/10/25",35-44,inactive,"Con el presupuesto del conjunto de anuncios",0,0,0,0,0,,0,,1,actions:onsite_conversion.messaging_conversation_started_7d,0,"En curso","7 días tras clic o 1 día tras visualización",0,,0,
2025-11-01,2026-03-20,"🟢F2 - ADVTG - VENTAS - VSL LANDING - EFFICOMMERCE - VIDS - 09/01/2026",35-44,active,84615,Diario,1266558,63712,17787,1805,962,4.053522,1316.588688,,,,"En curso","7 días tras clic, 1 día tras visualización o 1 día tras visualización activa",19879.431156,,3.581942,
2025-11-01,2026-03-20,"F1 - RECON - ENGANCHE - EVENTOS GRUPO EFFI  - VIDEOS - 24/09/25",35-44,active,"Con el presupuesto del conjunto de anuncios",0,106764,24473,16914,51,1,0.005912,106763.73597,17345,video_thruplay_watched_actions,6.15530331,"En curso","7 días tras clic o 1 día tras visualización",4362.511174,,1.446908,
2025-11-01,2026-03-20,"🟢F2 - ADVTG SEGMENTADA - VENTAS - VSL LANDING - EFFICOMMERCE - VIDS - 09/01/2026",35-44,active,50000,Diario,872424,47107,17630,1635,864,3.885423,1009.749541,,,,"En curso","7 días tras clic, 1 día tras visualización o 1 día tras visualización activa",18520.041681,,2.67198,
2025-11-01,2026-03-20,"F1 - TRÁFICO IG - ENGANCHE - EVENTOS GRUPO EFFI  - VIDEOS - 08/10/25",35-44,inactive,"Con el presupuesto del conjunto de anuncios",0,91679,10248,7417,418,378,4.894162,242.536723,376,profile_visit_view,243.82681241,"En curso","7 días tras clic o 1 día tras visualización",8946.026685,,1.381691,
2025-11-01,2026-03-20,"🟢F2 - ADVTG - VENTAS - WHATSAPP - EFFICOMMERCE - VIDS - 09/01/2026",35-44,inactive,50000,Diario,24030,2682,1784,73,13,0.7287,1848.465563,10,actions:onsite_conversion.messaging_conversation_started_7d,2403.00523198,"En curso","7 días tras clic o 1 día tras visualización",8959.751051,,1.503363,
2025-11-01,2026-03-20,"F1 - TRÁFICO IG - ENGANCHE - EFFI WOMAN  - VIDEOS - 21/10/25",35-44,active,10000,Diario,909271,121151,47148,4169,4260,7.919742,213.44399,4222,profile_visit_view,215.36508751,"En curso","7 días tras clic o 1 día tras visualización",7505.27358,,2.569589,
2025-11-01,2026-03-20,"F2 - VENTAS - REGISTRO -GRUPO EFFI -  EVENTO Juan Pablo López - IMG y VID 20/01/26",35-44,inactive,"Con el presupuesto del conjunto de anuncios",0,115048,10471,3017,244,136,3.778588,845.939315,51,actions:offsite_conversion.fb_pixel_complete_registration,2255.83817388,"En curso","7 días tras clic, 1 día tras visualización o 1 día tras visualización activa",10987.274078,,3.470666,
2025-11-01,2026-03-20,"🟢F2 - VENTAS - WHATSAPP - EFFISYSTEMS - VIDS - 26/10/25",35-44,inactive,"Con el presupuesto del conjunto de anuncios",0,607663,36778,19776,1372,450,2.068163,1350.361429,252,actions:onsite_conversion.messaging_conversation_started_7d,2411.35969377,"En curso","7 días tras clic o 1 día tras visualización",16522.449367,,1.859729,
2025-11-01,2026-03-20,"F2 - VENTAS - REGISTRO -GRUPO EFFI -  EVENTO SANTIAGO VELEZ - IMG y VID 02/02/26",35-44,inactive,"Con el presupuesto del conjunto de anuncios",0,87740,6971,4467,184,114,2.462503,769.647194,43,actions:offsite_conversion.fb_pixel_complete_registration,2040.46000377,"En curso","7 días tras clic, 1 día tras visualización o 1 día tras visualización activa",12586.397958,,1.560555,
2025-11-01,2026-03-20,"🟢F2 - VENTAS - WHATSAPP - EFFICOMMERCE - VIDS - 26/10/25",35-44,inactive,"Con el presupuesto del conjunto de anuncios",0,1156750,56486,24208,1354,439,1.652346,2634.965793,220,actions:onsite_conversion.messaging_conversation_started_7d,5257.95446898,"En curso","7 días tras clic o 1 día tras visualización",20478.525355,,2.333361,
2025-11-01,2026-03-20,"F2 - VENTAS - REGISTRO -GRUPO EFFI -  EVENTO Esteban Gómez, Juan Aristizábal - IMG 05/02/26",35-44,inactive,"Con el presupuesto del conjunto de anuncios",0,51471,6116,2288,246,93,3.758741,553.456213,25,actions:offsite_conversion.fb_pixel_complete_registration,2058.85711121,"En curso","7 días tras clic, 1 día tras visualización o 1 día tras visualización activa",8415.864581,,2.673077,
2025-11-01,2026-03-20,"F2 - VENTAS - WHATSAPP - EFFICOMMERCE PROVEEDORES - VIDS - 26/10/25",35-44,inactive,"Con el presupuesto del conjunto de anuncios",0,55583,3265,2168,66,21,0.968635,2646.809524,13,actions:onsite_conversion.messaging_conversation_started_7d,4275.61538462,"En curso","7 días tras clic o 1 día tras visualización",17023.88974,,1.505996,
2025-11-01,2026-03-20,"F2 - VENTAS - REGISTRO -GRUPO EFFI -  EVENTO Christian Chávez - IMG 12/02/26",35-44,inactive,"Con el presupuesto del conjunto de anuncios",0,56773,5657,2072,120,58,2.557915,978.85037,29,actions:offsite_conversion.fb_pixel_complete_registration,1957.70074034,"En curso","7 días tras clic, 1 día tras visualización o 1 día tras visualización activa",10035.941571,,2.730212,
2025-11-01,2026-03-20,"ADVTG - F2 - VENTAS - WHATSAPP - UNIREMINGTON - 31/10/25",35-44,inactive,200000,Diario,738277,45357,18312,1110,233,1.157711,3168.572561,138,actions:onsite_conversion.messaging_conversation_started_7d,5349.8362808,"En curso","7 días tras clic o 1 día tras visualización",16277.033462,,2.4769,
2025-11-01,2026-03-20,"F2 - EVENTO - REGISTRO - EFFIWOMAN -  Tata Salazar - IMG 13/02/26",35-44,inactive,60000,Diario,64017,3743,1567,69,39,2.425016,1641.461538,27,actions:offsite_conversion.fb_pixel_complete_registration,2371,"En curso",-,17103.125835,,2.388641,
2025-11-01,2026-03-20,"F2 - VENTAS - REGISTRO - GRUPO EFFI -  PRENDAS CONTROL - IMG - 31/10/25",35-44,inactive,"Con el presupuesto del conjunto de anuncios",0,55413,3906,1468,76,33,1.975477,1679.19216,15,actions:offsite_conversion.fb_pixel_complete_registration,3694.22275179,"En curso","7 días tras clic, 1 día tras visualización o 1 día tras visualización activa",14186.723317,,2.660763,
2025-11-01,2026-03-20,"F2 - VENTAS - REGISTRO -GRUPO EFFI -  EVENTO Juliana Berrio - IMG 18/02/26",35-44,inactive,"Con el presupuesto del conjunto de anuncios",0,68234,5106,1746,118,49,2.634593,1392.530612,23,actions:offsite_conversion.fb_pixel_complete_registration,2966.69565217,"En curso","7 días tras clic, 1 día tras visualización o 1 día tras visualización activa",13363.493929,,2.924399,
2025-11-01,2026-03-20,"F2 - VENTAS - REGISTRO -GRUPO EFFI -  PAOLA SANCHEZ - IMG - 06/11/25",35-44,inactive,"Con el presupuesto del conjunto de anuncios",0,76854,4794,1760,82,50,2.613636,1537.087646,21,actions:offsite_conversion.fb_pixel_complete_registration,3659.73249066,"En curso","7 días tras clic, 1 día tras visualización o 1 día tras visualización activa",16031.368858,,2.723864,
2025-11-01,2026-03-20,"F2 - VENTAS - REGISTRO -GRUPO EFFI -  EVENTO Jackson Rozo - IMG 27/02/26",35-44,inactive,"Con el presupuesto del conjunto de anuncios",0,18383,1279,972,21,9,0.925926,2042.555556,1,actions:offsite_conversion.fb_pixel_complete_registration,18383,"En curso","7 días tras clic, 1 día tras visualización o 1 día tras visualización activa",14372.947615,,1.315844,
2025-11-01,2026-03-20,"F2 - EVENTO - REGISTRO - EFFIWOMAN -  KELIN OSORIO - IMG 07/11/25",35-44,inactive,45000,Diario,15773,1187,683,14,6,0.878477,2628.833333,1,actions:offsite_conversion.fb_pixel_complete_registration,15773,"En curso","7 días tras clic, 1 día tras visualización o 1 día tras visualización activa",13288.121314,,1.737921,
2025-11-01,2026-03-20,"F2 - VENTAS - REGISTRO -GRUPO EFFI -  JACKSON ROZO - IMG 02/03/26",35-44,inactive,"Con el presupuesto del conjunto de anuncios",0,49486,3788,2274,49,23,0.923483,2151.565217,5,actions:offsite_conversion.fb_pixel_complete_registration,9897.2,"En curso","7 días tras clic, 1 día tras visualización o 1 día tras visualización activa",13063.885956,,1.665787,
2025-11-01,2026-03-20,"F2 - EVENTO - REGISTRO - EFFIWOMAN -  KELIN OSORIO - IMG 07/11/25 - Copia",35-44,inactive,50000,Diario,28300,1252,788,35,20,2.411168,1415,3,actions:offsite_conversion.fb_pixel_complete_registration,9433.33333333,"En curso","7 días tras clic, 1 día tras visualización o 1 día tras visualización activa",22603.833866,,1.588832,
2025-11-01,2026-03-20,"F2 - LEADS - REGISTRO -GRUPO EFFI -  JACKSON ROZO - IMG 03/03/26",35-44,inactive,"Con el presupuesto del conjunto de anuncios",0,17749,989,658,11,5,0.759878,3549.8,,,,"En curso","7 días tras clic, 1 día tras visualización o 1 día tras visualización activa",17946.410516,,1.50304,
2025-11-01,2026-03-20,"ADVTG - F3 rmkt - VENTAS - WHATSAPP - UNIREMINGTON - 10/11/25",35-44,inactive,50000,Diario,31986,795,308,11,3,0.974026,10662,3,actions:onsite_conversion.messaging_conversation_started_7d,10662,"En curso","7 días tras clic o 1 día tras visualización",40233.962264,,2.581169,
2025-11-01,2026-03-20,"F2 - VENTAS - REGISTRO -GRUPO EFFI -  EVENTO CEOs de Malteatto  - IMG 05/03/26",35-44,inactive,"Con el presupuesto del conjunto de anuncios",0,67926,6382,2549,250,85,2.863868,799.124623,42,actions:offsite_conversion.fb_pixel_complete_registration,1617.27602275,"En curso","7 días tras clic, 1 día tras visualización o 1 día tras visualización activa",10643.308204,,2.503727,
2025-11-01,2026-03-20,"ANDR - F2 - VENTAS - REGISTRO -GRUPO EFFI -  JUEVES DE PROVEEDORES - IMG Y VIDEO - 12/11/25",35-44,inactive,25000,Diario,67897,5675,3231,227,130,3.71402,522.284719,38,actions:offsite_conversion.fb_pixel_complete_registration,1786.76351314,"En curso","7 días tras clic, 1 día tras visualización o 1 día tras visualización activa",11964.231454,,1.756422,
2025-11-01,2026-03-20,"F2 - VENTAS - REGISTROS - EVENTO EFFIWOMAN FEST - 11/03/2026",35-44,inactive,40000,Diario,68855,5299,2733,201,117,3.805342,588.504274,50,actions:offsite_conversion.fb_pixel_complete_registration,1377.1,"En curso","7 días tras clic, 1 día tras visualización o 1 día tras visualización activa",12993.961125,,1.938895,
2025-11-01,2026-03-20,"F2 - VENTAS - REGISTRO -GRUPO EFFI -  COCO PLATANOS VERDES - IMG - 13/11/25",35-44,inactive,"Con el presupuesto del conjunto de anuncios",0,61495,4609,2287,98,59,2.404897,1042.283246,23,actions:offsite_conversion.fb_pixel_complete_registration,2673.68311013,"En curso","7 días tras clic, 1 día tras visualización o 1 día tras visualización activa",13342.311029,,2.015304,
2025-11-01,2026-03-20,"F2 - LEADS - REGISTROS - EVENTO EFFIWOMAN FEST - 11/03/2026 - Copia",35-44,inactive,40000,Diario,68071,6220,2925,210,126,3.65812,540.246032,55,actions:offsite_conversion.fb_pixel_complete_registration,1237.65454545,"En curso","7 días tras clic, 1 día tras visualización o 1 día tras visualización activa",10943.890675,,2.126496,
2025-11-01,2026-03-20,"F2 - VENTAS - REGISTRO - EFFICOMMERCE -  EVENTO ECUADOR - IMG - 19/11/25",35-44,inactive,"Con el presupuesto del conjunto de anuncios",0,9408,820,785,8,6,0.764331,1568,,,,"En curso","7 días tras clic, 1 día tras visualización o 1 día tras visualización activa",11473.170732,,1.044586,
2025-11-01,2026-03-20,"F2 - VENTAS - REGISTRO -GRUPO EFFI -  EVENTO  Joako estratega - IMG 12/03/26",35-44,inactive,"Con el presupuesto del conjunto de anuncios",0,66115,6514,2317,118,54,2.114804,1224.360274,22,actions:offsite_conversion.fb_pixel_complete_registration,3005.2479457,"En curso","7 días tras clic, 1 día tras visualización o 1 día tras visualización activa",10149.747437,,2.811394,
2025-11-01,2026-03-20,"🟣JUAN - F1 - RECONOCIMIENTO  - IG JUAN CARMONA -  20/11/2025",35-44,active,5000,Diario,96359,53504,41540,745,145,0.344247,664.543115,13243,video_thruplay_watched_actions,7.27620265,"En curso","7 días tras clic o 1 día tras visualización",1800.96351,,1.288012,
2025-11-01,2026-03-20,"🔴OSWALDO - F1 - RECONOCIMIENTO - THRUPLAYS - IG OSWALDO  -  17/03/2026",35-44,active,5000,Diario,2029,628,543,0,,0,,307,video_thruplay_watched_actions,6.60848143,"En curso","7 días tras clic o 1 día tras visualización",3230.579298,,1.156538,
2025-11-01,2026-03-20,"🟣JUAN - F1 - INTERACCIÓN  - IG JUAN CARMONA -  20/11/2025 - Copia",35-44,active,5000,Diario,108754,74944,56573,815,64,0.113128,1699.278379,52025,actions:post_engagement,2.09041454,"En curso","7 días tras clic o 1 día tras visualización",1451.134397,,1.324731,
2025-11-01,2026-03-20,"🔴OSWALDO - F1 - TRÁFICO  - IG OSWALDO -  17/03/2026",35-44,active,10000,Diario,5746,979,811,34,32,3.822441,179.565071,29,profile_visit_view,198.1407677,"En curso","1 día tras clic",5869.338369,,1.207152,
2025-11-01,2026-03-20,"🟣JUAN - F1 - TRÁFICO  - IG JUAN CARMONA -  20/11/2025",35-44,active,20000,Diario,678949,127082,70148,4668,4206,5.545418,161.423996,4062,profile_visit_view,167.14656041,"En curso","1 día tras clic",5342.608146,,1.811627,
2025-11-01,2026-03-20,"🟢F2 - ADVTG - VENTAS - VSL LANDING - EFFICOMMERCE - VIDS - 09/01/2026 - Copia",35-44,active,84615,Diario,21676,987,804,43,23,2.736318,942.429816,,,,"En curso","7 días tras clic, 1 día tras visualización o 1 día tras visualización activa",21961.383766,,1.227612,
2025-11-01,2026-03-20,"F2 - VENTAS - REGISTRO -GRUPO EFFI -  JAIME A. CORREA - IMG - 21/11/25",35-44,inactive,"Con el presupuesto del conjunto de anuncios",0,57790,4467,1981,65,40,1.665825,1444.75,13,actions:offsite_conversion.fb_pixel_complete_registration,4445.38461538,"En curso","7 días tras clic, 1 día tras visualización o 1 día tras visualización activa",12937.094247,,2.254922,
2025-11-01,2026-03-20,"🟡SARA - F1 - RECONOCIMIENTO  - IG SARA MONTOYA -  20/11/2025 - Copia",35-44,active,5000,Diario,144142,104253,72673,2322,18,0.024768,8007.865651,28798,video_thruplay_watched_actions,5.00526362,"En curso","7 días tras clic o 1 día tras visualización",1382.613275,,1.434549,
2025-11-01,2026-03-20,"F2 - VENTAS - REGISTRO -GRUPO EFFI -  JULIO C. RENDÓN - IMG - 26/11/25",35-44,inactive,"Con el presupuesto del conjunto de anuncios",0,64305,6295,3118,142,59,1.667736,1089.911565,20,actions:offsite_conversion.fb_pixel_complete_registration,3215.23911565,"En curso","7 días tras clic, 1 día tras visualización o 1 día tras visualización activa",10215.215618,,2.018922,
2025-11-01,2026-03-20,"🟡SARA - F1 - TRAFICO  - IG SARA MONTOYA -  26/11/2025",35-44,active,20000,Diario,652067,148221,81680,8167,8260,9.434378,78.942725,8178,profile_visit_view,79.73427626,"En curso","1 día tras clic",4399.288301,,1.814655,
2025-11-01,2026-03-20,"🟡SARA - F1 - INTERACCIÓN  - IG SARA MONTOYA -  26/11/2025",35-44,inactive,7500,Diario,102320,99345,67098,2003,12,0.017884,8526.702043,74226,actions:post_engagement,1.37849843,"En curso","7 días tras clic o 1 día tras visualización",1029.95042,,1.480596,
2025-11-01,2026-03-20,"F2 - VENTAS - REGISTRO -GRUPO EFFI -  ANDRÉS ORTEGA - IMG - 09/12/25",35-44,inactive,"Con el presupuesto del conjunto de anuncios",0,37072,2866,2153,87,45,1.90432,823.830806,10,actions:offsite_conversion.fb_pixel_complete_registration,3707.23862795,"En curso","7 días tras clic, 1 día tras visualización o 1 día tras visualización activa",12935.235966,,1.331166,
2025-11-01,2026-03-20,"F2 - EVENTO - REGISTRO - EFFIWOMAN -  @paofelicidad - IMG 07/01/26",35-44,inactive,"Con el presupuesto del conjunto de anuncios",0,142762,11169,3154,209,127,3.519341,1124.110241,66,actions:offsite_conversion.fb_pixel_complete_registration,2163.0606153,"En curso","7 días tras clic, 1 día tras visualización o 1 día tras visualización activa",12781.985908,,3.541218,
2025-11-01,2026-03-20,"🟢F2 - ADVTG - VENTAS - VSL LANDING - EFFICOMMERCE - VIDS - 09/01/2026",45-54,active,84615,Diario,486316,18217,6108,678,402,4.895219,1209.741681,,,,"En curso","7 días tras clic, 1 día tras visualización o 1 día tras visualización activa",26695.732331,,2.982482,
2025-11-01,2026-03-20,"F1 - RECON - ENGANCHE - EVENTOS GRUPO EFFI  - VIDEOS - 24/09/25",45-54,active,"Con el presupuesto del conjunto de anuncios",0,109914,24703,15644,56,2,0.012784,54956.908347,17327,video_thruplay_watched_actions,6.34349955,"En curso","7 días tras clic o 1 día tras visualización",4449.411679,,1.579072,
2025-11-01,2026-03-20,"🟢F2 - ADVTG SEGMENTADA - VENTAS - VSL LANDING - EFFICOMMERCE - VIDS - 09/01/2026",45-54,active,50000,Diario,368056,14606,6241,643,396,5.239545,929.435105,,,,"En curso","7 días tras clic, 1 día tras visualización o 1 día tras visualización activa",25198.979971,,2.34033,
2025-11-01,2026-03-20,"F1 - TRÁFICO IG - ENGANCHE - EVENTOS GRUPO EFFI  - VIDEOS - 08/10/25",45-54,inactive,"Con el presupuesto del conjunto de anuncios",0,51217,4516,3272,228,177,5.348411,289.362533,180,profile_visit_view,284.53982452,"En curso","7 días tras clic o 1 día tras visualización",11341.268471,,1.380196,
2025-11-01,2026-03-20,"🟢F2 - ADVTG - VENTAS - WHATSAPP - EFFICOMMERCE - VIDS - 09/01/2026",45-54,inactive,50000,Diario,7754,797,585,24,3,0.512821,2584.554071,,,,"En curso","7 días tras clic o 1 día tras visualización",9728.559865,,1.362393,
2025-11-01,2026-03-20,"F1 - TRÁFICO IG - ENGANCHE - EFFI WOMAN  - VIDEOS - 21/10/25",45-54,active,10000,Diario,359709,39163,16307,1823,1865,9.621635,192.87369,1817,profile_visit_view,197.96886768,"En curso","7 días tras clic o 1 día tras visualización",9184.930485,,2.401607,
2025-11-01,2026-03-20,"F2 - VENTAS - REGISTRO -GRUPO EFFI -  EVENTO Juan Pablo López - IMG y VID 20/01/26",45-54,inactive,"Con el presupuesto del conjunto de anuncios",0,31204,2188,676,75,38,4.43787,821.160991,24,actions:offsite_conversion.fb_pixel_complete_registration,1300.1715692,"En curso","7 días tras clic, 1 día tras visualización o 1 día tras visualización activa",14261.479735,,3.236686,
2025-11-01,2026-03-20,"🟢F2 - VENTAS - WHATSAPP - EFFISYSTEMS - VIDS - 26/10/25",45-54,inactive,"Con el presupuesto del conjunto de anuncios",0,321311,16345,9230,645,197,1.830986,1631.021361,110,actions:onsite_conversion.messaging_conversation_started_7d,2921.01098295,"En curso","7 días tras clic o 1 día tras visualización",19658.073302,,1.770856,
2025-11-01,2026-03-20,"F2 - VENTAS - REGISTRO -GRUPO EFFI -  EVENTO SANTIAGO VELEZ - IMG y VID 02/02/26",45-54,inactive,"Con el presupuesto del conjunto de anuncios",0,30669,1787,1205,63,35,2.904564,876.264934,18,actions:offsite_conversion.fb_pixel_complete_registration,1703.84848357,"En curso","7 días tras clic, 1 día tras visualización o 1 día tras visualización activa",17162.435761,,1.482988,
2025-11-01,2026-03-20,"🟢F2 - VENTAS - WHATSAPP - EFFICOMMERCE - VIDS - 26/10/25",45-54,inactive,"Con el presupuesto del conjunto de anuncios",0,560776,22160,10667,636,206,1.706197,2722.214003,94,actions:onsite_conversion.messaging_conversation_started_7d,5965.70302813,"En curso","7 días tras clic o 1 día tras visualización",25305.779993,,2.077435,
2025-11-01,2026-03-20,"F2 - VENTAS - REGISTRO -GRUPO EFFI -  EVENTO Esteban Gómez, Juan Aristizábal - IMG 05/02/26",45-54,inactive,"Con el presupuesto del conjunto de anuncios",0,9994,884,380,52,21,3.684211,475.924436,11,actions:offsite_conversion.fb_pixel_complete_registration,908.58301381,"En curso","7 días tras clic, 1 día tras visualización o 1 día tras visualización activa",11305.897231,,2.326316,
2025-11-01,2026-03-20,"F2 - VENTAS - WHATSAPP - EFFICOMMERCE PROVEEDORES - VIDS - 26/10/25",45-54,inactive,"Con el presupuesto del conjunto de anuncios",0,25275,1307,875,44,17,1.485714,1486.764706,5,actions:onsite_conversion.messaging_conversation_started_7d,5055,"En curso","7 días tras clic o 1 día tras visualización",19338.179036,,1.493714,
2025-11-01,2026-03-20,"F2 - VENTAS - REGISTRO -GRUPO EFFI -  EVENTO Christian Chávez - IMG 12/02/26",45-54,inactive,"Con el presupuesto del conjunto de anuncios",0,13060,877,365,32,20,4.657534,653.0152,7,actions:offsite_conversion.fb_pixel_complete_registration,1865.75771355,"En curso","7 días tras clic, 1 día tras visualización o 1 día tras visualización activa",14892.022799,,2.40274,
2025-11-01,2026-03-20,"ADVTG - F2 - VENTAS - WHATSAPP - UNIREMINGTON - 31/10/25",45-54,inactive,200000,Diario,435279,18885,8282,610,105,1.147066,4145.510678,54,actions:onsite_conversion.messaging_conversation_started_7d,8060.71520625,"En curso","7 días tras clic o 1 día tras visualización",23048.907659,,2.280246,
2025-11-01,2026-03-20,"F2 - EVENTO - REGISTRO - EFFIWOMAN -  Tata Salazar - IMG 13/02/26",45-54,inactive,60000,Diario,19892,1074,515,30,18,3.300971,1105.111111,10,actions:offsite_conversion.fb_pixel_complete_registration,1989.2,"En curso",-,18521.41527,,2.085437,
2025-11-01,2026-03-20,"F2 - VENTAS - REGISTRO - GRUPO EFFI -  PRENDAS CONTROL - IMG - 31/10/25",45-54,inactive,"Con el presupuesto del conjunto de anuncios",0,22731,1243,520,36,14,2.692308,1623.640029,5,actions:offsite_conversion.fb_pixel_complete_registration,4546.1920818,"En curso","7 días tras clic, 1 día tras visualización o 1 día tras visualización activa",18287.176516,,2.390385,
2025-11-01,2026-03-20,"F2 - VENTAS - REGISTRO -GRUPO EFFI -  EVENTO Juliana Berrio - IMG 18/02/26",45-54,inactive,"Con el presupuesto del conjunto de anuncios",0,11051,606,259,13,6,2.316602,1841.833333,2,actions:offsite_conversion.fb_pixel_complete_registration,5525.5,"En curso","7 días tras clic, 1 día tras visualización o 1 día tras visualización activa",18235.973597,,2.339768,
2025-11-01,2026-03-20,"F2 - VENTAS - REGISTRO -GRUPO EFFI -  PAOLA SANCHEZ - IMG - 06/11/25",45-54,inactive,"Con el presupuesto del conjunto de anuncios",0,30627,1487,661,36,25,3.177005,1225.061434,6,actions:offsite_conversion.fb_pixel_complete_registration,5104.42264294,"En curso","7 días tras clic, 1 día tras visualización o 1 día tras visualización activa",20596.190893,,2.249622,
2025-11-01,2026-03-20,"F2 - VENTAS - REGISTRO -GRUPO EFFI -  EVENTO Jackson Rozo - IMG 27/02/26",45-54,inactive,"Con el presupuesto del conjunto de anuncios",0,2679,150,132,2,1,0.757576,2679,,,,"En curso","7 días tras clic, 1 día tras visualización o 1 día tras visualización activa",17860,,1.136364,
2025-11-01,2026-03-20,"F2 - EVENTO - REGISTRO - EFFIWOMAN -  KELIN OSORIO - IMG 07/11/25",45-54,inactive,45000,Diario,10847,546,306,12,7,2.287582,1549.571429,,,,"En curso","7 días tras clic, 1 día tras visualización o 1 día tras visualización activa",19866.300366,,1.784314,
2025-11-01,2026-03-20,"F2 - VENTAS - REGISTRO -GRUPO EFFI -  JACKSON ROZO - IMG 02/03/26",45-54,inactive,"Con el presupuesto del conjunto de anuncios",0,10272,679,483,23,12,2.484472,856,3,actions:offsite_conversion.fb_pixel_complete_registration,3424,"En curso","7 días tras clic, 1 día tras visualización o 1 día tras visualización activa",15128.129602,,1.405797,
2025-11-01,2026-03-20,"F2 - EVENTO - REGISTRO - EFFIWOMAN -  KELIN OSORIO - IMG 07/11/25 - Copia",45-54,inactive,50000,Diario,9471,365,269,12,8,2.230483,1183.875,3,actions:offsite_conversion.fb_pixel_complete_registration,3157,"En curso","7 días tras clic, 1 día tras visualización o 1 día tras visualización activa",25947.945205,,1.356877,
2025-11-01,2026-03-20,"F2 - LEADS - REGISTRO -GRUPO EFFI -  JACKSON ROZO - IMG 03/03/26",45-54,inactive,"Con el presupuesto del conjunto de anuncios",0,6803,327,228,6,3,1.315789,2267.666667,1,actions:offsite_conversion.fb_pixel_complete_registration,6803,"En curso","7 días tras clic, 1 día tras visualización o 1 día tras visualización activa",20804.281346,,1.434211,
2025-11-01,2026-03-20,"ADVTG - F3 rmkt - VENTAS - WHATSAPP - UNIREMINGTON - 10/11/25",45-54,inactive,50000,Diario,11312,239,134,2,1,0.746269,11312,,,,"En curso","7 días tras clic o 1 día tras visualización",47330.543933,,1.783582,
2025-11-01,2026-03-20,"F2 - VENTAS - REGISTRO -GRUPO EFFI -  EVENTO CEOs de Malteatto  - IMG 05/03/26",45-54,inactive,"Con el presupuesto del conjunto de anuncios",0,15505,903,481,43,24,4.573805,646.057732,9,actions:offsite_conversion.fb_pixel_complete_registration,1722.82061862,"En curso","7 días tras clic, 1 día tras visualización o 1 día tras visualización activa",17170.969621,,1.877339,
2025-11-01,2026-03-20,"ANDR - F2 - VENTAS - REGISTRO -GRUPO EFFI -  JUEVES DE PROVEEDORES - IMG Y VIDEO - 12/11/25",45-54,inactive,25000,Diario,28875,1698,959,91,52,4.275287,555.29675,19,actions:offsite_conversion.fb_pixel_complete_registration,1519.75952757,"En curso","7 días tras clic, 1 día tras visualización o 1 día tras visualización activa",17005.554195,,1.770594,
2025-11-01,2026-03-20,"F2 - VENTAS - REGISTROS - EVENTO EFFIWOMAN FEST - 11/03/2026",45-54,inactive,40000,Diario,23779,1669,775,96,61,6.580645,389.819672,22,actions:offsite_conversion.fb_pixel_complete_registration,1080.86363636,"En curso","7 días tras clic, 1 día tras visualización o 1 día tras visualización activa",14247.453565,,2.153548,
2025-11-01,2026-03-20,"F2 - VENTAS - REGISTRO -GRUPO EFFI -  COCO PLATANOS VERDES - IMG - 13/11/25",45-54,inactive,"Con el presupuesto del conjunto de anuncios",0,19832,1109,593,22,11,1.854975,1802.891767,6,actions:offsite_conversion.fb_pixel_complete_registration,3305.30157268,"En curso","7 días tras clic, 1 día tras visualización o 1 día tras visualización activa",17882.605443,,1.870152,
2025-11-01,2026-03-20,"F2 - LEADS - REGISTROS - EVENTO EFFIWOMAN FEST - 11/03/2026 - Copia",45-54,inactive,40000,Diario,20135,1691,850,81,47,5.058824,428.404255,22,actions:offsite_conversion.fb_pixel_complete_registration,915.22727273,"En curso","7 días tras clic, 1 día tras visualización o 1 día tras visualización activa",11907.155529,,1.989412,
2025-11-01,2026-03-20,"F2 - VENTAS - REGISTRO - EFFICOMMERCE -  EVENTO ECUADOR - IMG - 19/11/25",45-54,inactive,"Con el presupuesto del conjunto de anuncios",0,5978,428,414,6,5,1.207729,1195.6,,,,"En curso","7 días tras clic, 1 día tras visualización o 1 día tras visualización activa",13967.28972,,1.033816,
2025-11-01,2026-03-20,"F2 - VENTAS - REGISTRO -GRUPO EFFI -  EVENTO  Joako estratega - IMG 12/03/26",45-54,inactive,"Con el presupuesto del conjunto de anuncios",0,10375,917,393,16,12,2.544529,864.602358,5,actions:offsite_conversion.fb_pixel_complete_registration,2075.04565934,"En curso","7 días tras clic, 1 día tras visualización o 1 día tras visualización activa",11314.316572,,2.333333,
2025-11-01,2026-03-20,"🟣JUAN - F1 - RECONOCIMIENTO  - IG JUAN CARMONA -  20/11/2025",45-54,active,5000,Diario,107857,65567,48788,1431,309,0.629253,349.052278,17589,video_thruplay_watched_actions,6.13207993,"En curso","7 días tras clic o 1 día tras visualización",1644.991443,,1.343917,
2025-11-01,2026-03-20,"🔴OSWALDO - F1 - RECONOCIMIENTO - THRUPLAYS - IG OSWALDO  -  17/03/2026",45-54,active,5000,Diario,3409,906,711,0,,0,,530,video_thruplay_watched_actions,6.4319928,"En curso","7 días tras clic o 1 día tras visualización",3762.644795,,1.274262,
2025-11-01,2026-03-20,"🟣JUAN - F1 - INTERACCIÓN  - IG JUAN CARMONA -  20/11/2025 - Copia",45-54,active,5000,Diario,101520,70240,53282,995,101,0.185804,1005.144182,52561,actions:post_engagement,1.93146178,"En curso","7 días tras clic o 1 día tras visualización",1445.324066,,1.318269,
2025-11-01,2026-03-20,"🔴OSWALDO - F1 - TRÁFICO  - IG OSWALDO -  17/03/2026",45-54,active,10000,Diario,1938,426,378,14,12,3.174603,161.507256,11,profile_visit_view,176.1897339,"En curso","1 día tras clic",4549.500171,,1.126984,
2025-11-01,2026-03-20,"🟣JUAN - F1 - TRÁFICO  - IG JUAN CARMONA -  20/11/2025",45-54,active,20000,Diario,338745,50012,29974,2740,2412,7.236271,140.441613,2261,profile_visit_view,149.82095103,"En curso","1 día tras clic",6773.277819,,1.668513,
2025-11-01,2026-03-20,"🟢F2 - ADVTG - VENTAS - VSL LANDING - EFFICOMMERCE - VIDS - 09/01/2026 - Copia",45-54,active,84615,Diario,8112,244,209,14,6,2.870813,1352.070784,1,actions:offsite_conversion.fb_pixel_complete_registration,8112.42470634,"En curso","7 días tras clic, 1 día tras visualización o 1 día tras visualización activa",33247.642239,,1.167464,
2025-11-01,2026-03-20,"F2 - VENTAS - REGISTRO -GRUPO EFFI -  JAIME A. CORREA - IMG - 21/11/25",45-54,inactive,"Con el presupuesto del conjunto de anuncios",0,26063,1497,679,36,19,2.209131,1371.736842,7,actions:offsite_conversion.fb_pixel_complete_registration,3723.28571429,"En curso","7 días tras clic, 1 día tras visualización o 1 día tras visualización activa",17410.153641,,2.204713,
2025-11-01,2026-03-20,"🟡SARA - F1 - RECONOCIMIENTO  - IG SARA MONTOYA -  20/11/2025 - Copia",45-54,active,5000,Diario,54022,35530,24473,638,9,0.036775,6002.454661,9084,video_thruplay_watched_actions,5.9469498,"En curso","7 días tras clic o 1 día tras visualización",1520.46417,,1.451804,
2025-11-01,2026-03-20,"F2 - VENTAS - REGISTRO -GRUPO EFFI -  JULIO C. RENDÓN - IMG - 26/11/25",45-54,inactive,"Con el presupuesto del conjunto de anuncios",0,33511,2517,1182,69,30,2.453469,1117.03096,14,actions:offsite_conversion.fb_pixel_complete_registration,2393.63777219,"En curso","7 días tras clic, 1 día tras visualización o 1 día tras visualización activa",13313.83743,,2.129442,
2025-11-01,2026-03-20,"🟡SARA - F1 - TRAFICO  - IG SARA MONTOYA -  26/11/2025",45-54,active,20000,Diario,195115,38993,21587,2373,2280,8.949831,85.576895,2240,profile_visit_view,87.10505393,"En curso","1 día tras clic",5003.855071,,1.806319,
2025-11-01,2026-03-20,"🟡SARA - F1 - INTERACCIÓN  - IG SARA MONTOYA -  26/11/2025",45-54,inactive,7500,Diario,61467,61473,40179,1003,20,0.049777,3073.332896,46323,actions:post_engagement,1.32691445,"En curso","7 días tras clic o 1 día tras visualización",999.896832,,1.529978,
2025-11-01,2026-03-20,"F2 - VENTAS - REGISTRO -GRUPO EFFI -  ANDRÉS ORTEGA - IMG - 09/12/25",45-54,inactive,"Con el presupuesto del conjunto de anuncios",0,14933,1082,886,44,22,2.370203,678.750801,5,actions:offsite_conversion.fb_pixel_complete_registration,2986.50352321,"En curso","7 días tras clic, 1 día tras visualización o 1 día tras visualización activa",13800.848074,,1.221219,
2025-11-01,2026-03-20,"F2 - EVENTO - REGISTRO - EFFIWOMAN -  @paofelicidad - IMG 07/01/26",45-54,inactive,"Con el presupuesto del conjunto de anuncios",0,50824,3298,1086,96,48,3.499079,1058.828755,23,actions:offsite_conversion.fb_pixel_complete_registration,2209.72957543,"En curso","7 días tras clic, 1 día tras visualización o 1 día tras visualización activa",15410.485214,,3.036832,
2025-11-01,2026-03-20,"🟢F2 - ADVTG - VENTAS - VSL LANDING - EFFICOMMERCE - VIDS - 09/01/2026",55-64,active,84615,Diario,132434,4637,1860,264,173,7.473118,765.516632,,,,"En curso","7 días tras clic, 1 día tras visualización o 1 día tras visualización activa",28560.357403,,2.493011,
2025-11-01,2026-03-20,"F1 - RECON - ENGANCHE - EVENTOS GRUPO EFFI  - VIDEOS - 24/09/25",55-64,active,"Con el presupuesto del conjunto de anuncios",0,131337,27592,16535,41,3,0.018143,43779.121901,20169,video_thruplay_watched_actions,6.51184321,"En curso","7 días tras clic o 1 día tras visualización",4759.979911,,1.668703,
2025-11-01,2026-03-20,"🟢F2 - ADVTG SEGMENTADA - VENTAS - VSL LANDING - EFFICOMMERCE - VIDS - 09/01/2026",55-64,active,50000,Diario,86203,3210,1524,171,97,5.183727,888.694515,,,,"En curso","7 días tras clic, 1 día tras visualización o 1 día tras visualización activa",26854.631765,,2.106299,
2025-11-01,2026-03-20,"F1 - TRÁFICO IG - ENGANCHE - EVENTOS GRUPO EFFI  - VIDEOS - 08/10/25",55-64,inactive,"Con el presupuesto del conjunto de anuncios",0,20584,1790,1295,142,106,7.644788,194.187467,106,profile_visit_view,194.18746672,"En curso","7 días tras clic o 1 día tras visualización",11499.369538,,1.382239,
2025-11-01,2026-03-20,"🟢F2 - ADVTG - VENTAS - WHATSAPP - EFFICOMMERCE - VIDS - 09/01/2026",55-64,inactive,50000,Diario,3163,226,173,3,1,0.578035,3163.270163,1,actions:onsite_conversion.messaging_conversation_started_7d,3163.27016345,"En curso","7 días tras clic o 1 día tras visualización",13996.770635,,1.306358,
2025-11-01,2026-03-20,"F1 - TRÁFICO IG - ENGANCHE - EFFI WOMAN  - VIDEOS - 21/10/25",55-64,active,10000,Diario,58983,5709,2603,349,358,11.064157,164.756498,346,profile_visit_view,170.47059584,"En curso","7 días tras clic o 1 día tras visualización",10331.551263,,2.193239,
2025-11-01,2026-03-20,"F2 - VENTAS - REGISTRO -GRUPO EFFI -  EVENTO Juan Pablo López - IMG y VID 20/01/26",55-64,inactive,"Con el presupuesto del conjunto de anuncios",0,7676,536,167,19,8,3.592814,959.47287,4,actions:offsite_conversion.fb_pixel_complete_registration,1918.94573919,"En curso","7 días tras clic, 1 día tras visualización o 1 día tras visualización activa",14320.490591,,3.209581,
2025-11-01,2026-03-20,"🟢F2 - VENTAS - WHATSAPP - EFFISYSTEMS - VIDS - 26/10/25",55-64,inactive,"Con el presupuesto del conjunto de anuncios",0,151962,7305,4092,334,101,2.077224,1504.576004,42,actions:onsite_conversion.messaging_conversation_started_7d,3618.14705649,"En curso","7 días tras clic o 1 día tras visualización",20802.48821,,1.785191,
2025-11-01,2026-03-20,"F2 - VENTAS - REGISTRO -GRUPO EFFI -  EVENTO SANTIAGO VELEZ - IMG y VID 02/02/26",55-64,inactive,"Con el presupuesto del conjunto de anuncios",0,8567,449,309,20,12,3.559871,713.923015,2,actions:offsite_conversion.fb_pixel_complete_registration,4283.53808825,"En curso","7 días tras clic, 1 día tras visualización o 1 día tras visualización activa",19080.347832,,1.453074,
2025-11-01,2026-03-20,"🟢F2 - VENTAS - WHATSAPP - EFFICOMMERCE - VIDS - 26/10/25",55-64,inactive,"Con el presupuesto del conjunto de anuncios",0,295718,9255,4446,296,132,2.586595,2240.288324,55,actions:onsite_conversion.messaging_conversation_started_7d,5376.69197832,"En curso","7 días tras clic o 1 día tras visualización",31952.248385,,2.081646,
2025-11-01,2026-03-20,"F2 - VENTAS - REGISTRO -GRUPO EFFI -  EVENTO Esteban Gómez, Juan Aristizábal - IMG 05/02/26",55-64,inactive,"Con el presupuesto del conjunto de anuncios",0,2681,237,89,12,5,4.494382,536.129449,4,actions:offsite_conversion.fb_pixel_complete_registration,670.16181062,"En curso","7 días tras clic, 1 día tras visualización o 1 día tras visualización activa",11310.747859,,2.662921,
2025-11-01,2026-03-20,"F2 - VENTAS - WHATSAPP - EFFICOMMERCE PROVEEDORES - VIDS - 26/10/25",55-64,inactive,"Con el presupuesto del conjunto de anuncios",0,14087,463,334,22,8,1.796407,1760.875,1,actions:onsite_conversion.messaging_conversation_started_7d,14087,"En curso","7 días tras clic o 1 día tras visualización",30425.485961,,1.386228,
2025-11-01,2026-03-20,"F2 - VENTAS - REGISTRO -GRUPO EFFI -  EVENTO Christian Chávez - IMG 12/02/26",55-64,inactive,"Con el presupuesto del conjunto de anuncios",0,3202,237,86,13,8,8.139535,400.259317,3,actions:offsite_conversion.fb_pixel_complete_registration,1067.35817743,"En curso","7 días tras clic, 1 día tras visualización o 1 día tras visualización activa",13510.863005,,2.755814,
2025-11-01,2026-03-20,"ADVTG - F2 - VENTAS - WHATSAPP - UNIREMINGTON - 31/10/25",55-64,inactive,200000,Diario,171306,5945,2725,254,41,1.321101,4178.19432,25,actions:onsite_conversion.messaging_conversation_started_7d,6852.23868434,"En curso","7 días tras clic o 1 día tras visualización",28815.133239,,2.181651,
2025-11-01,2026-03-20,"F2 - EVENTO - REGISTRO - EFFIWOMAN -  Tata Salazar - IMG 13/02/26",55-64,inactive,60000,Diario,3057,126,68,5,2,2.941176,1528.5,2,actions:offsite_conversion.fb_pixel_complete_registration,1528.5,"En curso",-,24261.904762,,1.852941,
2025-11-01,2026-03-20,"F2 - VENTAS - REGISTRO - GRUPO EFFI -  PRENDAS CONTROL - IMG - 31/10/25",55-64,inactive,"Con el presupuesto del conjunto de anuncios",0,8553,442,160,11,7,3.125,1221.90877,3,actions:offsite_conversion.fb_pixel_complete_registration,2851.12046309,"En curso","7 días tras clic, 1 día tras visualización o 1 día tras visualización activa",19351.496356,,2.7625,
2025-11-01,2026-03-20,"F2 - VENTAS - REGISTRO -GRUPO EFFI -  EVENTO Juliana Berrio - IMG 18/02/26",55-64,inactive,"Con el presupuesto del conjunto de anuncios",0,1954,91,51,5,4,5.882353,488.5,1,actions:offsite_conversion.fb_pixel_complete_registration,1954,"En curso","7 días tras clic, 1 día tras visualización o 1 día tras visualización activa",21472.527473,,1.784314,
2025-11-01,2026-03-20,"F2 - VENTAS - REGISTRO -GRUPO EFFI -  PAOLA SANCHEZ - IMG - 06/11/25",55-64,inactive,"Con el presupuesto del conjunto de anuncios",0,11616,561,226,13,7,3.097345,1659.388616,2,actions:offsite_conversion.fb_pixel_complete_registration,5807.86015692,"En curso","7 días tras clic, 1 día tras visualización o 1 día tras visualización activa",20705.383804,,2.482301,
2025-11-01,2026-03-20,"F2 - VENTAS - REGISTRO -GRUPO EFFI -  EVENTO Jackson Rozo - IMG 27/02/26",55-64,inactive,"Con el presupuesto del conjunto de anuncios",0,311,24,22,0,,0,,,,,"En curso","7 días tras clic, 1 día tras visualización o 1 día tras visualización activa",12958.333333,,1.090909,
2025-11-01,2026-03-20,"F2 - EVENTO - REGISTRO - EFFIWOMAN -  KELIN OSORIO - IMG 07/11/25",55-64,inactive,45000,Diario,2369,130,99,2,1,1.010101,2369,,,,"En curso","7 días tras clic, 1 día tras visualización o 1 día tras visualización activa",18223.076923,,1.313131,
2025-11-01,2026-03-20,"F2 - VENTAS - REGISTRO -GRUPO EFFI -  JACKSON ROZO - IMG 02/03/26",55-64,inactive,"Con el presupuesto del conjunto de anuncios",0,4562,156,125,4,2,1.6,2281,,,,"En curso","7 días tras clic, 1 día tras visualización o 1 día tras visualización activa",29243.589744,,1.248,
2025-11-01,2026-03-20,"F2 - EVENTO - REGISTRO - EFFIWOMAN -  KELIN OSORIO - IMG 07/11/25 - Copia",55-64,inactive,50000,Diario,3011,102,71,2,1,1.408451,3011,1,actions:offsite_conversion.fb_pixel_complete_registration,3011,"En curso","7 días tras clic, 1 día tras visualización o 1 día tras visualización activa",29519.607843,,1.43662,
2025-11-01,2026-03-20,"F2 - LEADS - REGISTRO -GRUPO EFFI -  JACKSON ROZO - IMG 03/03/26",55-64,inactive,"Con el presupuesto del conjunto de anuncios",0,2432,88,67,4,1,1.492537,2432,,,,"En curso","7 días tras clic, 1 día tras visualización o 1 día tras visualización activa",27636.363636,,1.313433,
2025-11-01,2026-03-20,"ADVTG - F3 rmkt - VENTAS - WHATSAPP - UNIREMINGTON - 10/11/25",55-64,inactive,50000,Diario,6102,123,77,0,,0,,,,,"En curso","7 días tras clic o 1 día tras visualización",49609.756098,,1.597403,
2025-11-01,2026-03-20,"F2 - VENTAS - REGISTRO -GRUPO EFFI -  EVENTO CEOs de Malteatto  - IMG 05/03/26",55-64,inactive,"Con el presupuesto del conjunto de anuncios",0,3621,173,112,10,4,3.571429,905.314448,3,actions:offsite_conversion.fb_pixel_complete_registration,1207.0859302,"En curso","7 días tras clic, 1 día tras visualización o 1 día tras visualización activa",20932.125957,,1.544643,
2025-11-01,2026-03-20,"ANDR - F2 - VENTAS - REGISTRO -GRUPO EFFI -  JUEVES DE PROVEEDORES - IMG Y VIDEO - 12/11/25",55-64,inactive,25000,Diario,9082,537,246,25,14,4.471545,648.723969,3,actions:offsite_conversion.fb_pixel_complete_registration,3027.37852303,"En curso","7 días tras clic, 1 día tras visualización o 1 día tras visualización activa",16912.729179,,2.182927,
2025-11-01,2026-03-20,"F2 - VENTAS - REGISTROS - EVENTO EFFIWOMAN FEST - 11/03/2026",55-64,inactive,40000,Diario,4799,320,191,22,12,6.282723,399.916667,,,,"En curso","7 días tras clic, 1 día tras visualización o 1 día tras visualización activa",14996.875,,1.675393,
2025-11-01,2026-03-20,"F2 - VENTAS - REGISTRO -GRUPO EFFI -  COCO PLATANOS VERDES - IMG - 13/11/25",55-64,inactive,"Con el presupuesto del conjunto de anuncios",0,6004,312,138,7,5,2.898551,1200.770105,2,actions:offsite_conversion.fb_pixel_complete_registration,3001.92526211,"En curso","7 días tras clic, 1 día tras visualización o 1 día tras visualización activa",19243.110655,,2.26087,
2025-11-01,2026-03-20,"F2 - LEADS - REGISTROS - EVENTO EFFIWOMAN FEST - 11/03/2026 - Copia",55-64,inactive,40000,Diario,3768,316,177,17,8,3.954802,471,2,actions:offsite_conversion.fb_pixel_complete_registration,1884,"En curso","7 días tras clic, 1 día tras visualización o 1 día tras visualización activa",11924.050633,,1.785311,
2025-11-01,2026-03-20,"F2 - VENTAS - REGISTRO - EFFICOMMERCE -  EVENTO ECUADOR - IMG - 19/11/25",55-64,inactive,"Con el presupuesto del conjunto de anuncios",0,2531,208,206,5,2,0.970874,1265.5,,,,"En curso","7 días tras clic, 1 día tras visualización o 1 día tras visualización activa",12168.269231,,1.009709,
2025-11-01,2026-03-20,"F2 - VENTAS - REGISTRO -GRUPO EFFI -  EVENTO  Joako estratega - IMG 12/03/26",55-64,inactive,"Con el presupuesto del conjunto de anuncios",0,2886,184,89,7,5,4.494382,577.212701,1,actions:offsite_conversion.fb_pixel_complete_registration,2886.06350499,"En curso","7 días tras clic, 1 día tras visualización o 1 día tras visualización activa",15685.127744,,2.067416,
2025-11-01,2026-03-20,"🟣JUAN - F1 - RECONOCIMIENTO  - IG JUAN CARMONA -  20/11/2025",55-64,active,5000,Diario,116514,71030,51398,1876,338,0.636212,344.716597,20192,video_thruplay_watched_actions,5.77031546,"En curso","7 días tras clic o 1 día tras visualización",1640.352101,,1.38196,
2025-11-01,2026-03-20,"🔴OSWALDO - F1 - RECONOCIMIENTO - THRUPLAYS - IG OSWALDO  -  17/03/2026",55-64,active,5000,Diario,4391,1033,757,0,,0,,660,video_thruplay_watched_actions,6.65307053,"En curso","7 días tras clic o 1 día tras visualización",4250.751741,,1.364597,
2025-11-01,2026-03-20,"🟣JUAN - F1 - INTERACCIÓN  - IG JUAN CARMONA -  20/11/2025 - Copia",55-64,active,5000,Diario,85151,58007,45365,972,83,0.18296,1025.915518,45836,actions:post_engagement,1.85773165,"En curso","7 días tras clic o 1 día tras visualización",1467.943318,,1.278673,
2025-11-01,2026-03-20,"🔴OSWALDO - F1 - TRÁFICO  - IG OSWALDO -  17/03/2026",55-64,active,10000,Diario,1613,413,344,4,5,1.453488,322.646881,5,profile_visit_view,322.64688053,"En curso","1 día tras clic",3906.136568,,1.200581,
2025-11-01,2026-03-20,"🟣JUAN - F1 - TRÁFICO  - IG JUAN CARMONA -  20/11/2025",55-64,active,20000,Diario,176245,27157,17371,1909,1635,8.704162,107.794818,1517,profile_visit_view,116.17964913,"En curso","1 día tras clic",6489.837896,,1.563353,
2025-11-01,2026-03-20,"🟢F2 - ADVTG - VENTAS - VSL LANDING - EFFICOMMERCE - VIDS - 09/01/2026 - Copia",55-64,active,84615,Diario,1664,57,47,3,3,6.382979,554.789914,,,,"En curso","7 días tras clic, 1 día tras visualización o 1 día tras visualización activa",29199.469171,,1.212766,
2025-11-01,2026-03-20,"F2 - VENTAS - REGISTRO -GRUPO EFFI -  JAIME A. CORREA - IMG - 21/11/25",55-64,inactive,"Con el presupuesto del conjunto de anuncios",0,7746,442,191,11,9,4.712042,860.666667,,,,"En curso","7 días tras clic, 1 día tras visualización o 1 día tras visualización activa",17524.886878,,2.314136,
2025-11-01,2026-03-20,"🟡SARA - F1 - RECONOCIMIENTO  - IG SARA MONTOYA -  20/11/2025 - Copia",55-64,active,5000,Diario,41659,25305,16338,482,7,0.042845,5951.230455,7183,video_thruplay_watched_actions,5.79961203,"En curso","7 días tras clic o 1 día tras visualización",1646.260153,,1.548843,
2025-11-01,2026-03-20,"F2 - VENTAS - REGISTRO -GRUPO EFFI -  JULIO C. RENDÓN - IMG - 26/11/25",55-64,inactive,"Con el presupuesto del conjunto de anuncios",0,11464,717,329,15,8,1.823708,1433.039719,1,actions:offsite_conversion.fb_pixel_complete_registration,11464.31775245,"En curso","7 días tras clic, 1 día tras visualización o 1 día tras visualización activa",15989.285568,,2.179331,
2025-11-01,2026-03-20,"🟡SARA - F1 - TRAFICO  - IG SARA MONTOYA -  26/11/2025",55-64,active,20000,Diario,82550,16819,9625,988,845,7.667532,97.691831,803,profile_visit_view,102.80149109,"En curso","1 día tras clic",4908.115664,,1.747429,
2025-11-01,2026-03-20,"🟡SARA - F1 - INTERACCIÓN  - IG SARA MONTOYA -  26/11/2025",55-64,inactive,7500,Diario,69803,71175,46141,1177,49,0.104029,1424.551396,55605,actions:post_engagement,1.25533708,"En curso","7 días tras clic o 1 día tras visualización",980.723827,,1.542554,
2025-11-01,2026-03-20,"F2 - VENTAS - REGISTRO -GRUPO EFFI -  ANDRÉS ORTEGA - IMG - 09/12/25",55-64,inactive,"Con el presupuesto del conjunto de anuncios",0,4332,317,259,18,9,3.474903,481.313589,1,actions:offsite_conversion.fb_pixel_complete_registration,4331.82230126,"En curso","7 días tras clic, 1 día tras visualización o 1 día tras visualización activa",13665.054578,,1.223938,
2025-11-01,2026-03-20,"F2 - EVENTO - REGISTRO - EFFIWOMAN -  @paofelicidad - IMG 07/01/26",55-64,inactive,"Con el presupuesto del conjunto de anuncios",0,7857,538,190,23,13,5.789474,604.405786,4,actions:offsite_conversion.fb_pixel_complete_registration,1964.31880537,"En curso","7 días tras clic, 1 día tras visualización o 1 día tras visualización activa",14604.600783,,2.831579,
2025-11-01,2026-03-20,"🟢F2 - ADVTG - VENTAS - VSL LANDING - EFFICOMMERCE - VIDS - 09/01/2026",65+,active,84615,Diario,59277,2766,1398,217,175,10.872675,338.723846,,,,"En curso","7 días tras clic, 1 día tras visualización o 1 día tras visualización activa",21430.467509,,1.978541,
2025-11-01,2026-03-20,"F1 - RECON - ENGANCHE - EVENTOS GRUPO EFFI  - VIDEOS - 24/09/25",65+,active,"Con el presupuesto del conjunto de anuncios",0,97677,21382,13051,57,1,0.007662,97676.503097,14828,video_thruplay_watched_actions,6.58730126,"En curso","7 días tras clic o 1 día tras visualización",4568.164956,,1.638342,
2025-11-01,2026-03-20,"🟢F2 - ADVTG SEGMENTADA - VENTAS - VSL LANDING - EFFICOMMERCE - VIDS - 09/01/2026",65+,active,50000,Diario,36356,1987,1211,131,88,6.028076,413.133335,,,,"En curso","7 días tras clic, 1 día tras visualización o 1 día tras visualización activa",18296.795895,,1.640793,
2025-11-01,2026-03-20,"F1 - TRÁFICO IG - ENGANCHE - EVENTOS GRUPO EFFI  - VIDEOS - 08/10/25",65+,inactive,"Con el presupuesto del conjunto de anuncios",0,10402,965,697,71,49,6.456241,212.294702,49,profile_visit_view,212.29470234,"En curso","7 días tras clic o 1 día tras visualización",10779.731,,1.384505,
2025-11-01,2026-03-20,"🟢F2 - ADVTG - VENTAS - WHATSAPP - EFFICOMMERCE - VIDS - 09/01/2026",65+,inactive,50000,Diario,965,113,81,2,1,1.234568,965.082424,,,,"En curso","7 días tras clic o 1 día tras visualización",8540.552427,,1.395062,
2025-11-01,2026-03-20,"F1 - TRÁFICO IG - ENGANCHE - EFFI WOMAN  - VIDEOS - 21/10/25",65+,active,10000,Diario,20706,2691,1169,99,105,7.356715,197.197088,104,profile_visit_view,199.09321351,"En curso","7 días tras clic o 1 día tras visualización",7694.423711,,2.301967,
2025-11-01,2026-03-20,"F2 - VENTAS - REGISTRO -GRUPO EFFI -  EVENTO Juan Pablo López - IMG y VID 20/01/26",65+,inactive,"Con el presupuesto del conjunto de anuncios",0,2252,292,74,11,4,5.405405,562.984081,,,,"En curso","7 días tras clic, 1 día tras visualización o 1 día tras visualización activa",7712.110697,,3.945946,
2025-11-01,2026-03-20,"🟢F2 - VENTAS - WHATSAPP - EFFISYSTEMS - VIDS - 26/10/25",65+,inactive,"Con el presupuesto del conjunto de anuncios",0,60849,2767,1528,147,54,2.814136,1126.84245,25,actions:onsite_conversion.messaging_conversation_started_7d,2433.97969247,"En curso","7 días tras clic o 1 día tras visualización",21991.142867,,1.810864,
2025-11-01,2026-03-20,"F2 - VENTAS - REGISTRO -GRUPO EFFI -  EVENTO SANTIAGO VELEZ - IMG y VID 02/02/26",65+,inactive,"Con el presupuesto del conjunto de anuncios",0,2800,194,126,7,3,2.380952,933.341632,1,actions:offsite_conversion.fb_pixel_complete_registration,2800.02489719,"En curso","7 días tras clic, 1 día tras visualización o 1 día tras visualización activa",14433.118027,,1.539683,
2025-11-01,2026-03-20,"🟢F2 - VENTAS - WHATSAPP - EFFICOMMERCE - VIDS - 26/10/25",65+,inactive,"Con el presupuesto del conjunto de anuncios",0,113749,4105,2088,135,57,2.538314,1995.590216,18,actions:onsite_conversion.messaging_conversation_started_7d,6319.3690162,"En curso","7 días tras clic o 1 día tras visualización",27709.778877,,1.965996,
2025-11-01,2026-03-20,"F2 - VENTAS - REGISTRO -GRUPO EFFI -  EVENTO Esteban Gómez, Juan Aristizábal - IMG 05/02/26",65+,inactive,"Con el presupuesto del conjunto de anuncios",0,582,112,33,8,2,6.060606,291.070279,,,,"En curso","7 días tras clic, 1 día tras visualización o 1 día tras visualización activa",5197.683553,,3.393939,
2025-11-01,2026-03-20,"F2 - VENTAS - WHATSAPP - EFFICOMMERCE PROVEEDORES - VIDS - 26/10/25",65+,inactive,"Con el presupuesto del conjunto de anuncios",0,3998,220,145,4,,0,,,,,"En curso","7 días tras clic o 1 día tras visualización",18172.727273,,1.517241,
2025-11-01,2026-03-20,"F2 - VENTAS - REGISTRO -GRUPO EFFI -  EVENTO Christian Chávez - IMG 12/02/26",65+,inactive,"Con el presupuesto del conjunto de anuncios",0,1231,96,34,4,1,2.941176,1231.028654,1,actions:offsite_conversion.fb_pixel_complete_registration,1231.02865373,"En curso","7 días tras clic, 1 día tras visualización o 1 día tras visualización activa",12823.215143,,2.823529,
2025-11-01,2026-03-20,"ADVTG - F2 - VENTAS - WHATSAPP - UNIREMINGTON - 31/10/25",65+,inactive,200000,Diario,56831,2144,995,86,16,1.60804,3551.91549,7,actions:onsite_conversion.messaging_conversation_started_7d,8118.66397645,"En curso","7 días tras clic o 1 día tras visualización",26506.832013,,2.154774,
2025-11-01,2026-03-20,"F2 - EVENTO - REGISTRO - EFFIWOMAN -  Tata Salazar - IMG 13/02/26",65+,inactive,60000,Diario,1346,86,40,2,2,5,673,,,,"En curso",-,15651.162791,,2.15,
2025-11-01,2026-03-20,"F2 - VENTAS - REGISTRO - GRUPO EFFI -  PRENDAS CONTROL - IMG - 31/10/25",65+,inactive,"Con el presupuesto del conjunto de anuncios",0,3062,176,76,6,4,3.947368,765.532345,2,actions:offsite_conversion.fb_pixel_complete_registration,1531.06468923,"En curso","7 días tras clic, 1 día tras visualización o 1 día tras visualización activa",17398.462378,,2.315789,
2025-11-01,2026-03-20,"F2 - VENTAS - REGISTRO -GRUPO EFFI -  EVENTO Juliana Berrio - IMG 18/02/26",65+,inactive,"Con el presupuesto del conjunto de anuncios",0,692,62,16,6,,0,,,,,"En curso","7 días tras clic, 1 día tras visualización o 1 día tras visualización activa",11161.290323,,3.875,
2025-11-01,2026-03-20,"F2 - VENTAS - REGISTRO -GRUPO EFFI -  PAOLA SANCHEZ - IMG - 06/11/25",65+,inactive,"Con el presupuesto del conjunto de anuncios",0,5608,264,95,5,4,4.210526,1401.957633,2,actions:offsite_conversion.fb_pixel_complete_registration,2803.91526604,"En curso","7 días tras clic, 1 día tras visualización o 1 día tras visualización activa",21241.782319,,2.778947,
2025-11-01,2026-03-20,"F2 - VENTAS - REGISTRO -GRUPO EFFI -  EVENTO Jackson Rozo - IMG 27/02/26",65+,inactive,"Con el presupuesto del conjunto de anuncios",0,30,7,6,0,,0,,,,,"En curso","7 días tras clic, 1 día tras visualización o 1 día tras visualización activa",4285.714286,,1.166667,
2025-11-01,2026-03-20,"F2 - EVENTO - REGISTRO - EFFIWOMAN -  KELIN OSORIO - IMG 07/11/25",65+,inactive,45000,Diario,2112,98,75,7,7,8,301.714286,,,,"En curso","7 días tras clic, 1 día tras visualización o 1 día tras visualización activa",21551.020408,,1.306667,
2025-11-01,2026-03-20,"F2 - VENTAS - REGISTRO -GRUPO EFFI -  JACKSON ROZO - IMG 02/03/26",65+,inactive,"Con el presupuesto del conjunto de anuncios",0,832,80,66,3,1,1.515152,832,,,,"En curso","7 días tras clic, 1 día tras visualización o 1 día tras visualización activa",10400,,1.212121,
2025-11-01,2026-03-20,"F2 - EVENTO - REGISTRO - EFFIWOMAN -  KELIN OSORIO - IMG 07/11/25 - Copia",65+,inactive,50000,Diario,1746,89,46,1,1,2.173913,1746,,,,"En curso","7 días tras clic, 1 día tras visualización o 1 día tras visualización activa",19617.977528,,1.934783,
2025-11-01,2026-03-20,"F2 - LEADS - REGISTRO -GRUPO EFFI -  JACKSON ROZO - IMG 03/03/26",65+,inactive,"Con el presupuesto del conjunto de anuncios",0,865,51,39,1,,0,,,,,"En curso","7 días tras clic, 1 día tras visualización o 1 día tras visualización activa",16960.784314,,1.307692,
2025-11-01,2026-03-20,"ADVTG - F3 rmkt - VENTAS - WHATSAPP - UNIREMINGTON - 10/11/25",65+,inactive,50000,Diario,2700,60,33,0,,0,,,,,"En curso","7 días tras clic o 1 día tras visualización",45000,,1.818182,
2025-11-01,2026-03-20,"F2 - VENTAS - REGISTRO -GRUPO EFFI -  EVENTO CEOs de Malteatto  - IMG 05/03/26",65+,inactive,"Con el presupuesto del conjunto de anuncios",0,1635,89,49,6,2,4.081633,817.283872,1,actions:offsite_conversion.fb_pixel_complete_registration,1634.56774306,"En curso","7 días tras clic, 1 día tras visualización o 1 día tras visualización activa",18365.929697,,1.816327,
2025-11-01,2026-03-20,"ANDR - F2 - VENTAS - REGISTRO -GRUPO EFFI -  JUEVES DE PROVEEDORES - IMG Y VIDEO - 12/11/25",65+,inactive,25000,Diario,2937,191,121,15,8,4.958678,367.13048,2,actions:offsite_conversion.fb_pixel_complete_registration,1468.52192064,"En curso","7 días tras clic, 1 día tras visualización o 1 día tras visualización activa",15377.192886,,1.578512,
2025-11-01,2026-03-20,"F2 - VENTAS - REGISTROS - EVENTO EFFIWOMAN FEST - 11/03/2026",65+,inactive,40000,Diario,2083,165,71,11,5,5.633803,416.6,2,actions:offsite_conversion.fb_pixel_complete_registration,1041.5,"En curso","7 días tras clic, 1 día tras visualización o 1 día tras visualización activa",12624.242424,,2.323944,
2025-11-01,2026-03-20,"F2 - VENTAS - REGISTRO -GRUPO EFFI -  COCO PLATANOS VERDES - IMG - 13/11/25",65+,inactive,"Con el presupuesto del conjunto de anuncios",0,1713,125,58,3,2,3.448276,856.621352,1,actions:offsite_conversion.fb_pixel_complete_registration,1713.24270332,"En curso","7 días tras clic, 1 día tras visualización o 1 día tras visualización activa",13705.941627,,2.155172,
2025-11-01,2026-03-20,"F2 - LEADS - REGISTROS - EVENTO EFFIWOMAN FEST - 11/03/2026 - Copia",65+,inactive,40000,Diario,1605,162,81,15,7,4.938272,229.285714,1,actions:offsite_conversion.fb_pixel_complete_registration,1605,"En curso","7 días tras clic, 1 día tras visualización o 1 día tras visualización activa",9907.407407,,2,
2025-11-01,2026-03-20,"F2 - VENTAS - REGISTRO - EFFICOMMERCE -  EVENTO ECUADOR - IMG - 19/11/25",65+,inactive,"Con el presupuesto del conjunto de anuncios",0,1544,135,132,2,,0,,,,,"En curso","7 días tras clic, 1 día tras visualización o 1 día tras visualización activa",11437.037037,,1.022727,
2025-11-01,2026-03-20,"F2 - VENTAS - REGISTRO -GRUPO EFFI -  EVENTO  Joako estratega - IMG 12/03/26",65+,inactive,"Con el presupuesto del conjunto de anuncios",0,1218,136,45,8,3,6.666667,406.008934,,,,"En curso","7 días tras clic, 1 día tras visualización o 1 día tras visualización activa",8956.079423,,3.022222,
2025-11-01,2026-03-20,"🟣JUAN - F1 - RECONOCIMIENTO  - IG JUAN CARMONA -  20/11/2025",65+,active,5000,Diario,75673,40157,29151,907,163,0.552297,464.252938,11819,video_thruplay_watched_actions,6.40267611,"En curso","7 días tras clic o 1 día tras visualización",1884.434318,,1.377551,
2025-11-01,2026-03-20,"🔴OSWALDO - F1 - RECONOCIMIENTO - THRUPLAYS - IG OSWALDO  -  17/03/2026",65+,active,5000,Diario,2479,642,494,1,,0,,386,video_thruplay_watched_actions,6.4233797,"En curso","7 días tras clic o 1 día tras visualización",3862.032029,,1.299595,
2025-11-01,2026-03-20,"🟣JUAN - F1 - INTERACCIÓN  - IG JUAN CARMONA -  20/11/2025 - Copia",65+,active,5000,Diario,43674,27949,21426,446,49,0.228694,891.296582,22494,actions:post_engagement,1.94156364,"En curso","7 días tras clic o 1 día tras visualización",1562.615211,,1.304443,
2025-11-01,2026-03-20,"🔴OSWALDO - F1 - TRÁFICO  - IG OSWALDO -  17/03/2026",65+,active,10000,Diario,1775,527,407,12,8,1.965602,221.832263,8,profile_visit_view,221.83226326,"En curso","1 día tras clic",3367.472687,,1.29484,
2025-11-01,2026-03-20,"🟣JUAN - F1 - TRÁFICO  - IG JUAN CARMONA -  20/11/2025",65+,active,20000,Diario,86699,15793,9308,906,746,7.047701,116.218868,694,profile_visit_view,124.92691031,"En curso","1 día tras clic",5489.728092,,1.696713,
2025-11-01,2026-03-20,"🟢F2 - ADVTG - VENTAS - VSL LANDING - EFFICOMMERCE - VIDS - 09/01/2026 - Copia",65+,active,84615,Diario,591,20,15,0,,0,,,,,"En curso","7 días tras clic, 1 día tras visualización o 1 día tras visualización activa",29559.847929,,1.333333,
2025-11-01,2026-03-20,"F2 - VENTAS - REGISTRO -GRUPO EFFI -  JAIME A. CORREA - IMG - 21/11/25",65+,inactive,"Con el presupuesto del conjunto de anuncios",0,3605,235,91,3,2,2.197802,1802.5,2,actions:offsite_conversion.fb_pixel_complete_registration,1802.5,"En curso","7 días tras clic, 1 día tras visualización o 1 día tras visualización activa",15340.425532,,2.582418,
2025-11-01,2026-03-20,"🟡SARA - F1 - RECONOCIMIENTO  - IG SARA MONTOYA -  20/11/2025 - Copia",65+,active,5000,Diario,19521,10951,6913,173,5,0.057862,3904.151184,3297,video_thruplay_watched_actions,5.92076309,"En curso","7 días tras clic o 1 día tras visualización",1782.554645,,1.584117,
2025-11-01,2026-03-20,"F2 - VENTAS - REGISTRO -GRUPO EFFI -  JULIO C. RENDÓN - IMG - 26/11/25",65+,inactive,"Con el presupuesto del conjunto de anuncios",0,6295,421,178,10,3,1.685393,2098.391494,,,,"En curso","7 días tras clic, 1 día tras visualización o 1 día tras visualización activa",14952.908506,,2.365169,
2025-11-01,2026-03-20,"🟡SARA - F1 - TRAFICO  - IG SARA MONTOYA -  26/11/2025",65+,active,20000,Diario,60316,12817,7768,920,708,8.045829,85.192488,667,profile_visit_view,90.42920809,"En curso","1 día tras clic",4705.959413,,1.649974,
2025-11-01,2026-03-20,"🟡SARA - F1 - INTERACCIÓN  - IG SARA MONTOYA -  26/11/2025",65+,inactive,7500,Diario,43159,42806,29084,719,48,0.165039,899.143047,34544,actions:post_engagement,1.24938821,"En curso","7 días tras clic o 1 día tras visualización",1008.243383,,1.471806,
2025-11-01,2026-03-20,"F2 - VENTAS - REGISTRO -GRUPO EFFI -  ANDRÉS ORTEGA - IMG - 09/12/25",65+,inactive,"Con el presupuesto del conjunto de anuncios",0,1560,136,103,8,6,4.854369,260.076268,1,actions:offsite_conversion.fb_pixel_complete_registration,1560.45760586,"En curso","7 días tras clic, 1 día tras visualización o 1 día tras visualización activa",11473.952984,,1.320388,
2025-11-01,2026-03-20,"F2 - EVENTO - REGISTRO - EFFIWOMAN -  @paofelicidad - IMG 07/01/26",65+,inactive,"Con el presupuesto del conjunto de anuncios",0,4505,329,101,9,4,2.970297,1126.289451,,,,"En curso","7 días tras clic, 1 día tras visualización o 1 día tras visualización activa",13693.488769,,3.257426,
2025-11-01,2026-03-20,"🟢F2 - ADVTG - VENTAS - VSL LANDING - EFFICOMMERCE - VIDS - 09/01/2026",Unknown,active,84615,Diario,14763,145,144,14,14,0,1054.500314,,,,"En curso","7 días tras clic, 1 día tras visualización o 1 día tras visualización activa",101813.82338,,1.006944,
2025-11-01,2026-03-20,"F1 - TRÁFICO IG - ENGANCHE - EVENTOS GRUPO EFFI  - VIDEOS - 08/10/25",Unknown,inactive,"Con el presupuesto del conjunto de anuncios",0,4,1,1,0,,0,,,,,"En curso","7 días tras clic o 1 día tras visualización",4000.169358,,1,
2025-11-01,2026-03-20,"🟢F2 - ADVTG SEGMENTADA - VENTAS - VSL LANDING - EFFICOMMERCE - VIDS - 09/01/2026",Unknown,active,50000,Diario,4439,35,35,2,3,0,1479.666667,,,,"En curso","7 días tras clic, 1 día tras visualización o 1 día tras visualización activa",126828.571429,,1,
2025-11-01,2026-03-20,"F1 - TRÁFICO IG - ENGANCHE - EFFI WOMAN  - VIDEOS - 21/10/25",Unknown,active,10000,Diario,40,5,5,0,,0,,,,,"En curso","7 días tras clic o 1 día tras visualización",8000.654639,,1,
2025-11-01,2026-03-20,"🟢F2 - ADVTG - VENTAS - WHATSAPP - EFFICOMMERCE - VIDS - 09/01/2026",Unknown,inactive,50000,Diario,84,131,131,1,1,0,84.007175,,,,"En curso","7 días tras clic o 1 día tras visualización",641.276143,,1,
2025-11-01,2026-03-20,"F2 - VENTAS - REGISTRO - GRUPO EFFI -  PRENDAS CONTROL - IMG - 31/10/25",Unknown,inactive,"Con el presupuesto del conjunto de anuncios",0,0,1,1,0,,0,,,,,"En curso","7 días tras clic, 1 día tras visualización o 1 día tras visualización activa",0,,1,
2025-11-01,2026-03-20,"F2 - VENTAS - REGISTRO -GRUPO EFFI -  EVENTO SANTIAGO VELEZ - IMG y VID 02/02/26",Unknown,inactive,"Con el presupuesto del conjunto de anuncios",0,2,1,1,0,,0,,,,,"En curso","7 días tras clic, 1 día tras visualización o 1 día tras visualización activa",2000.017784,,1,
2025-11-01,2026-03-20,"ANDR - F2 - VENTAS - REGISTRO -GRUPO EFFI -  JUEVES DE PROVEEDORES - IMG Y VIDEO - 12/11/25",Unknown,inactive,25000,Diario,6,1,1,0,,0,,,,,"En curso","7 días tras clic, 1 día tras visualización o 1 día tras visualización activa",6000.089563,,1,
2025-11-01,2026-03-20,"F2 - VENTAS - REGISTRO -GRUPO EFFI -  EVENTO  Joako estratega - IMG 12/03/26",Unknown,inactive,"Con el presupuesto del conjunto de anuncios",0,4201,70,70,7,7,0,600.142857,1,actions:offsite_conversion.fb_pixel_complete_registration,4201,"En curso","7 días tras clic, 1 día tras visualización o 1 día tras visualización activa",60014.285714,,1,
2025-11-01,2026-03-20,"🟣JUAN - F1 - INTERACCIÓN  - IG JUAN CARMONA -  20/11/2025 - Copia",Unknown,active,5000,Diario,0,1,1,0,,0,,,,,"En curso","7 días tras clic o 1 día tras visualización",0,,1,
2025-11-01,2026-03-20,"🔴OSWALDO - F1 - TRÁFICO  - IG OSWALDO -  17/03/2026",Unknown,active,10000,Diario,3,1,1,0,,0,,,,,"En curso","1 día tras clic",3007.895095,,1,
2025-11-01,2026-03-20,"🟣JUAN - F1 - TRÁFICO  - IG JUAN CARMONA -  20/11/2025",Unknown,active,20000,Diario,17,7,7,1,1,14.285714,16.999858,1,profile_visit_view,16.99985799,"En curso","1 día tras clic",2428.551142,,1,
2025-11-01,2026-03-20,"🟢F2 - ADVTG - VENTAS - VSL LANDING - EFFICOMMERCE - VIDS - 09/01/2026 - Copia",Unknown,active,84615,Diario,296,3,3,0,,0,,,,,"En curso","7 días tras clic, 1 día tras visualización o 1 día tras visualización activa",98683.572861,,1,
2025-11-01,2026-03-20,"🟡SARA - F1 - RECONOCIMIENTO  - IG SARA MONTOYA -  20/11/2025 - Copia",Unknown,active,5000,Diario,6,3,3,0,,0,,,,,"En curso","7 días tras clic o 1 día tras visualización",2000.077451,,1,
2025-11-01,2026-03-20,"🟡SARA - F1 - TRAFICO  - IG SARA MONTOYA -  26/11/2025",Unknown,active,20000,Diario,69,12,12,3,3,25,23.002396,3,profile_visit_view,23.00239564,"En curso","1 día tras clic",5750.598911,,1,
