"Inicio del informe","Fin del informe","Nombre del conjunto de anuncios","Entrega del conjunto de anuncios","Presupuesto del conjunto de anuncios","Tipo de presupuesto del conjunto de anuncios","Importe gastado (COP)",Impresiones,Alcance,"Clics (todos)","Clics en el enlace","CTR único (porcentaje de clics en el enlace)","CPC (costo por clic en el enlace) (COP)",Resultados,"Indicador de resultado","Costo por resultados",Finalización,Inicio,"Configuración de atribución",Puja,"Tipo de puja","Último cambio significativo","CPM (costo por mil impresiones) (COP)","ROAS (retorno de la inversión en publicidad) de compras",Frecuencia,Compras
2025-11-01,2026-03-20,Broad,not_delivering,400000,Diario,0,0,0,0,,0,,,,,"En curso",2024-11-24,-,0,ABSOLUTE_OCPM,0,0,,0,
2025-11-01,2026-03-20,SEGUIDORES,not_delivering,400000,Diario,0,0,0,0,,0,,,,,"En curso",2024-11-24,-,0,ABSOLUTE_OCPM,2024-11-25T16:31:06-0500,0,,0,
2025-11-01,2026-03-20,DIRECTO,not_delivering,400000,Diario,0,0,0,0,,0,,,,,"En curso",2024-11-24,-,0,ABSOLUTE_OCPM,0,0,,0,
2025-11-01,2026-03-20,INDIRECTO,not_delivering,400000,Diario,0,0,0,0,,0,,,,,"En curso",2024-11-24,-,0,ABSOLUTE_OCPM,0,0,,0,
2025-11-01,2026-03-20,"visitantes sitio web",not_delivering,1000000,Diario,0,0,0,0,,0,,,,,"En curso",2024-11-25,-,0,ABSOLUTE_OCPM,2024-11-25T15:04:35-0500,0,,0,
2025-11-01,2026-03-20,seguidores,not_delivering,1000000,Diario,0,0,0,0,,0,,,,,"En curso",2024-11-25,-,0,ABSOLUTE_OCPM,2024-11-25T15:04:35-0500,0,,0,
2025-11-01,2026-03-20,"R Caliente",not_delivering,1000000,Diario,0,0,0,0,,0,,,,,"En curso",2024-11-25,-,0,ABSOLUTE_OCPM,2024-11-25T15:04:35-0500,0,,0,
2025-11-01,2026-03-20,Broad,not_delivering,100000,Diario,0,0,0,0,,0,,,,,"En curso",2024-11-25,-,0,ABSOLUTE_OCPM,2024-11-26T14:15:03-0500,0,,0,
2025-11-01,2026-03-20,INDIRECTO,not_delivering,400000,Diario,0,0,0,0,,0,,,,,"En curso",2024-11-25,-,0,ABSOLUTE_OCPM,2024-11-25T18:38:41-0500,0,,0,
2025-11-01,2026-03-20,Broad,not_delivering,800000,Diario,0,0,0,0,,0,,,,,"En curso",2024-11-25,-,0,ABSOLUTE_OCPM,2024-11-25T16:43:09-0500,0,,0,
2025-11-01,2026-03-20,DIRECTO,not_delivering,400000,Diario,0,0,0,0,,0,,,,,"En curso",2024-11-25,-,0,ABSOLUTE_OCPM,2024-11-25T17:12:51-0500,0,,0,
2025-11-01,2026-03-20,INDIRECTO,not_delivering,400000,Diario,0,0,0,0,,0,,,,,"En curso",2024-11-25,-,0,ABSOLUTE_OCPM,2024-11-25T17:12:51-0500,0,,0,
2025-11-01,2026-03-20,Broad,not_delivering,400000,Diario,0,0,0,0,,0,,,,,"En curso",2024-11-25,-,0,ABSOLUTE_OCPM,2024-11-25T17:12:52-0500,0,,0,
2025-11-01,2026-03-20,Broad,not_delivering,400000,Diario,0,0,0,0,,0,,,,,"En curso",2024-11-25,-,0,ABSOLUTE_OCPM,2024-11-25T17:17:12-0500,0,,0,
2025-11-01,2026-03-20,DIRECTO,not_delivering,400000,Diario,0,0,0,0,,0,,,,,"En curso",2024-11-25,-,0,ABSOLUTE_OCPM,2024-11-25T17:17:13-0500,0,,0,
2025-11-01,2026-03-20,"SIMILAR TRIFASICO 30D",not_delivering,12500,Diario,0,0,0,0,,0,,,,,"En curso",2024-12-20,-,0,ABSOLUTE_OCPM,0,0,,0,
2025-11-01,2026-03-20,"SIMILAR CALIENTE 30D",inactive,10000,Diario,0,0,0,0,,0,,,,,"En curso",2024-12-20,-,0,ABSOLUTE_OCPM,0,0,,0,
2025-11-01,2026-03-20,"SIMILAR TIBIO 30D",not_delivering,15000,Diario,0,0,0,0,,0,,,,,"En curso",2024-12-20,-,0,ABSOLUTE_OCPM,0,0,,0,
2025-11-01,2026-03-20,"SIMILAR TRIFASICO 60D",inactive,10000,Diario,0,0,0,0,,0,,,,,"En curso",2024-12-20,-,0,ABSOLUTE_OCPM,0,0,,0,
2025-11-01,2026-03-20,"SIMILAR TIBIO 60D",inactive,10000,Diario,0,0,0,0,,0,,,,,"En curso",2024-12-20,-,0,ABSOLUTE_OCPM,0,0,,0,
2025-11-01,2026-03-20,"SIMILAR CALIENTE 60D",not_delivering,12500,Diario,0,0,0,0,,0,,,,,"En curso",2024-12-20,-,0,ABSOLUTE_OCPM,0,0,,0,
2025-11-01,2026-03-20,"CAEX - ADVANTAGE (25 - 34)",not_delivering,12000,Diario,0,0,0,0,,0,,,,,"En curso",2025-02-06,-,0,ABSOLUTE_OCPM,0,0,,0,
2025-11-01,2026-03-20,"EFFI ADV-Promt-Directo/ Intc",not_delivering,5000,Diario,0,0,0,0,,0,,,,,"En curso",2025-06-30,-,0,CPA,0,0,,0,
2025-11-01,2026-03-20,"EFFI ADV",not_delivering,5000,Diario,0,0,0,0,,0,,,,,"En curso",2025-06-30,-,0,CPA,0,0,,0,
2025-11-01,2026-03-20,"EFFI ADV-Promt-Indirecto",not_delivering,5000,Diario,0,0,0,0,,0,,,,,"En curso",2025-06-30,-,0,CPA,0,0,,0,
2025-11-01,2026-03-20,R.marketing,not_delivering,333000,Diario,0,0,0,0,,0,,,,,"En curso",2024-11-26,-,0,ABSOLUTE_OCPM,0,0,,0,
2025-11-01,2026-03-20,seguidores,not_delivering,333000,Diario,0,0,0,0,,0,,,,,"En curso",2024-11-26,-,0,ABSOLUTE_OCPM,2024-11-26T15:16:56-0500,0,,0,
2025-11-01,2026-03-20,registro,not_delivering,333000,Diario,0,0,0,0,,0,,,,,"En curso",2024-11-26,-,0,ABSOLUTE_OCPM,0,0,,0,
2025-11-01,2026-03-20,"R CALIENTE",not_delivering,100000,Diario,0,0,0,0,,0,,,,,"En curso",2024-11-26,-,0,ABSOLUTE_OCPM,0,0,,0,
2025-11-01,2026-03-20,VISITAS,not_delivering,100000,Diario,0,0,0,0,,0,,,,,"En curso",2024-11-26,-,0,ABSOLUTE_OCPM,0,0,,0,
2025-11-01,2026-03-20,SEGUIDORES,not_delivering,100000,Diario,0,0,0,0,,0,,,,,"En curso",2024-11-26,-,0,ABSOLUTE_OCPM,0,0,,0,
2025-11-01,2026-03-20,advantage,not_delivering,10000,Diario,0,0,0,0,,0,,,,,"En curso",2024-12-21,-,0,ABSOLUTE_OCPM,0,0,,0,
2025-11-01,2026-03-20,seguidores,not_delivering,10000,Diario,0,0,0,0,,0,,,,,"En curso",2024-12-21,-,0,ABSOLUTE_OCPM,0,0,,0,
2025-11-01,2026-03-20,trifasico,not_delivering,10000,Diario,0,0,0,0,,0,,,,,"En curso",2024-12-21,-,0,ABSOLUTE_OCPM,0,0,,0,
2025-11-01,2026-03-20,Advantage,not_delivering,5000,Diario,0,0,0,0,,0,,,,,"En curso",2024-12-21,-,0,CPA,0,0,,0,
2025-11-01,2026-03-20,advantage,not_delivering,10000,Diario,0,0,0,0,,0,,,,,"En curso",2024-12-21,-,0,ABSOLUTE_OCPM,0,0,,0,
2025-11-01,2026-03-20,trifasico,not_delivering,10000,Diario,0,0,0,0,,0,,,,,"En curso",2024-12-21,-,0,ABSOLUTE_OCPM,0,0,,0,
2025-11-01,2026-03-20,seguidores,not_delivering,10000,Diario,0,0,0,0,,0,,,,,"En curso",2024-12-21,-,0,ABSOLUTE_OCPM,2025-02-08T16:42:52-0500,0,,0,
2025-11-01,2026-03-20,"CAEX - ADVANTAGE (25 - 34)",inactive,12000,Diario,0,0,0,0,,0,,,,,"En curso",2025-02-06,-,0,ABSOLUTE_OCPM,0,0,,0,
2025-11-01,2026-03-20,"CAEX - INDIRECTO - bienestar",inactive,12000,Diario,0,0,0,0,,0,,,,,"En curso",2025-02-06,-,0,ABSOLUTE_OCPM,0,0,,0,
2025-11-01,2026-03-20,"CAEX - DIRECTO - logistica",not_delivering,18000,Diario,0,0,0,0,,0,,,,,"En curso",2025-02-06,-,0,ABSOLUTE_OCPM,0,0,,0,
2025-11-01,2026-03-20,"CAEX - INDIRECTO - bienestar",inactive,12000,Diario,0,0,0,0,,0,,,,,"En curso",2025-02-06,-,0,ABSOLUTE_OCPM,0,0,,0,
2025-11-01,2026-03-20,"CAEX - DIRECTO - logistica",inactive,12000,Diario,0,0,0,0,,0,,,,,"En curso",2025-02-06,-,0,ABSOLUTE_OCPM,0,0,,0,
2025-11-01,2026-03-20,"CAEX - ADVANTAGE (35 - 45)",not_delivering,15000,Diario,0,0,0,0,,0,,,,,"En curso",2025-02-06,-,0,ABSOLUTE_OCPM,0,0,,0,
2025-11-01,2026-03-20,"CAEX - DIRECTO - marketing",not_delivering,15000,Diario,0,0,0,0,,0,,,,,"En curso",2025-02-06,-,0,ABSOLUTE_OCPM,0,0,,0,
2025-11-01,2026-03-20,"CAEX - INDIRECTO - finanzas",not_delivering,15000,Diario,0,0,0,0,,0,,,,,"En curso",2025-02-06,-,0,ABSOLUTE_OCPM,0,0,,0,
2025-11-01,2026-03-20,"CAEX - ADVANTAGE (25 - 34)",not_delivering,12000,Diario,0,0,0,0,,0,,,,,"En curso",2025-02-06,-,0,ABSOLUTE_OCPM,0,0,,0,
2025-11-01,2026-03-20,"CAEX - INDIRECTO - bienestar",not_delivering,12000,Diario,0,0,0,0,,0,,,,,"En curso",2025-02-06,-,0,ABSOLUTE_OCPM,0,0,,0,
2025-11-01,2026-03-20,"CAEX - DIRECTO - logistica",not_delivering,12000,Diario,0,0,0,0,,0,,,,,"En curso",2025-02-06,-,0,ABSOLUTE_OCPM,0,0,,0,
2025-11-01,2026-03-20,"inTC. SIMILAR 120 ENVIARON MENSAJE WAP IG",not_delivering,5000,Diario,0,0,0,0,,0,,,,,"En curso",2025-07-07,-,0,ABSOLUTE_OCPM,2025-07-07T06:48:49-0500,0,,0,
2025-11-01,2026-03-20,R.marketing,not_delivering,333000,Diario,0,0,0,0,,0,,,,,"En curso",2024-11-26,-,0,ABSOLUTE_OCPM,0,0,,0,
2025-11-01,2026-03-20,REGISTRADOS,not_delivering,333000,Diario,0,0,0,0,,0,,,,,"En curso",2024-11-26,-,0,ABSOLUTE_OCPM,0,0,,0,
2025-11-01,2026-03-20,seguidores,not_delivering,333000,Diario,0,0,0,0,,0,,,,,"En curso",2024-11-26,-,0,ABSOLUTE_OCPM,0,0,,0,
2025-11-01,2026-03-20,"DIRECTO 1 COMMERCE",not_delivering,20000,Diario,0,0,0,0,,0,,,,,"En curso",2024-11-29,-,0,ABSOLUTE_OCPM,0,0,,0,
2025-11-01,2026-03-20,"DIRECTO 1 COMMERCE",not_delivering,20000,Diario,0,0,0,0,,0,,,,,"En curso",2024-11-29,-,0,ABSOLUTE_OCPM,0,0,,0,
2025-11-01,2026-03-20,"DIRECTO 1 COMMERCE",not_delivering,10000,Diario,0,0,0,0,,0,,,,,"En curso",2024-11-29,-,0,ABSOLUTE_OCPM,0,0,,0,
2025-11-01,2026-03-20,Trifasico,not_delivering,5000,Diario,0,0,0,0,,0,,,,,"En curso",2024-12-21,-,0,CPA,0,0,,0,
2025-11-01,2026-03-20,seguidores,not_delivering,5000,Diario,0,0,0,0,,0,,,,,"En curso",2024-12-21,-,0,CPA,0,0,,0,
2025-11-01,2026-03-20,"CAEX - DIRECTO - marketing",inactive,18000,Diario,0,0,0,0,,0,,,,,"En curso",2025-02-06,-,0,ABSOLUTE_OCPM,0,0,,0,
2025-11-01,2026-03-20,"CAEX - INDIRECTO - finanzas",not_delivering,18000,Diario,0,0,0,0,,0,,,,,"En curso",2025-02-06,-,0,ABSOLUTE_OCPM,0,0,,0,
2025-11-01,2026-03-20,"CAEX - INDIRECTO - bienestar",not_delivering,12000,Diario,0,0,0,0,,0,,,,,"En curso",2025-02-06,-,0,ABSOLUTE_OCPM,2025-02-08T15:46:52-0500,0,,0,
2025-11-01,2026-03-20,"CAEX - ADVANTAGE (25 - 34)",not_delivering,15000,Diario,0,0,0,0,,0,,,,,"En curso",2025-02-06,-,0,ABSOLUTE_OCPM,0,0,,0,
2025-11-01,2026-03-20,"CAEX - DIRECTO - logistica",not_delivering,15000,Diario,0,0,0,0,,0,,,,,"En curso",2025-02-06,-,0,ABSOLUTE_OCPM,0,0,,0,
2025-11-01,2026-03-20,"CAEX - INDIRECTO - finanzas",not_delivering,12000,Diario,0,0,0,0,,0,,,,,"En curso",2025-02-06,-,0,ABSOLUTE_OCPM,0,0,,0,
2025-11-01,2026-03-20,"CAEX - DIRECTO - marketing",not_delivering,12000,Diario,0,0,0,0,,0,,,,,"En curso",2025-02-06,-,0,ABSOLUTE_OCPM,0,0,,0,
2025-11-01,2026-03-20,"CAEX - ADVANTAGE (35 - 45)",inactive,12000,Diario,0,0,0,0,,0,,,,,"En curso",2025-02-06,-,0,ABSOLUTE_OCPM,0,0,,0,
2025-11-01,2026-03-20,"CAEX - ADVANTAGE (35 - 45)",not_delivering,12000,Diario,0,0,0,0,,0,,,,,"En curso",2025-02-08,-,0,ABSOLUTE_OCPM,0,0,,0,
2025-11-01,2026-03-20,"CAEX - ADVANTAGE (35 - 45)",not_delivering,12000,Diario,0,0,0,0,,0,,,,,"En curso",2025-02-08,-,0,ABSOLUTE_OCPM,0,0,,0,
2025-11-01,2026-03-20,"CAEX - ADVANTAGE (35 - 45)",not_delivering,12000,Diario,0,0,0,0,,0,,,,,"En curso",2025-02-08,-,0,ABSOLUTE_OCPM,0,0,,0,
2025-11-01,2026-03-20,"CAEX - DIRECTO - logistica",not_delivering,12000,Diario,0,0,0,0,,0,,,,,"En curso",2025-02-08,-,0,ABSOLUTE_OCPM,0,0,,0,
2025-11-01,2026-03-20,"CAEX - INDIRECTO - bienestar",inactive,12000,Diario,0,0,0,0,,0,,,,,"En curso",2025-02-08,-,0,ABSOLUTE_OCPM,0,0,,0,
2025-11-01,2026-03-20,"CAEX - ADVANTAGE (25 - 34)",not_delivering,12000,Diario,0,0,0,0,,0,,,,,"En curso",2025-02-08,-,0,ABSOLUTE_OCPM,0,0,,0,
2025-11-01,2026-03-20,ADVANTAGE,not_delivering,5000,Diario,0,0,0,0,,0,,,,,"En curso",2025-05-07,-,0,ABSOLUTE_OCPM,0,0,,0,
2025-11-01,2026-03-20,ADVANTAGE,not_delivering,5000,Diario,0,0,0,0,,0,,,,,"En curso",2025-05-07,-,0,ABSOLUTE_OCPM,0,0,,0,
2025-11-01,2026-03-20,ADVANTAGE,not_delivering,5000,Diario,0,0,0,0,,0,,,,,"En curso",2025-05-07,-,0,ABSOLUTE_OCPM,0,0,,0,
2025-11-01,2026-03-20,Broad,not_delivering,100000,Diario,0,0,0,0,,0,,,,,"En curso",2024-11-24,-,0,ABSOLUTE_OCPM,2024-11-26T14:18:39-0500,0,,0,
2025-11-01,2026-03-20,DIRECTO,not_delivering,100000,Diario,0,0,0,0,,0,,,,,"En curso",2024-11-24,-,0,ABSOLUTE_OCPM,2024-11-26T14:17:41-0500,0,,0,
2025-11-01,2026-03-20,INDIRETO,not_delivering,100000,Diario,0,0,0,0,,0,,,,,"En curso",2024-11-24,-,0,ABSOLUTE_OCPM,2024-11-26T14:17:32-0500,0,,0,
2025-11-01,2026-03-20,INDIRETO,not_delivering,100000,Diario,0,0,0,0,,0,,,,,"En curso",2024-11-25,-,0,ABSOLUTE_OCPM,2024-11-26T14:14:01-0500,0,,0,
2025-11-01,2026-03-20,DIRECTO,inactive,400000,Diario,0,0,0,0,,0,,,,,"En curso",2024-11-25,-,0,ABSOLUTE_OCPM,2024-11-25T17:09:55-0500,0,,0,
2025-11-01,2026-03-20,Broad,not_delivering,100000,Diario,0,0,0,0,,0,,,,,"En curso",2024-11-25,-,0,ABSOLUTE_OCPM,2024-11-26T14:13:52-0500,0,,0,
2025-11-01,2026-03-20,"CAEX - ADVANTAGE (35 - 45)",inactive,18000,Diario,0,0,0,0,,0,,,,,"En curso",2025-02-06,-,0,ABSOLUTE_OCPM,0,0,,0,
2025-11-01,2026-03-20,"CAEX - ADVANTAGE (25 - 45)",not_delivering,12000,Diario,0,0,0,0,,0,,,,,"En curso",2025-02-08,-,0,ABSOLUTE_OCPM,0,0,,0,
2025-11-01,2026-03-20,"CAEX - ADVANTAGE (25 - 45)",not_delivering,12000,Diario,0,0,0,0,,0,,,,,"En curso",2025-02-08,-,0,ABSOLUTE_OCPM,0,0,,0,
2025-11-01,2026-03-20,"CAEX - ADVANTAGE (25 - 45)",not_delivering,12000,Diario,0,0,0,0,,0,,,,,"En curso",2025-02-08,-,0,ABSOLUTE_OCPM,0,0,,0,
2025-11-01,2026-03-20,"EFFI ADV-Promt-Directo/ Intc",not_delivering,5000,Diario,0,0,0,0,,0,,,,,"En curso",2025-07-01,-,0,ABSOLUTE_OCPM,0,0,,0,
2025-11-01,2026-03-20,EFFI-ADV,not_delivering,5000,Diario,0,0,0,0,,0,,,,,"En curso",2025-07-01,-,0,ABSOLUTE_OCPM,0,0,,0,
2025-11-01,2026-03-20,"EFFI ADV-Promt-Indirecto/ Intc",not_delivering,5000,Diario,0,0,0,0,,0,,,,,"En curso",2025-07-01,-,0,ABSOLUTE_OCPM,0,0,,0,
2025-11-01,2026-03-20,"EFFI ADV-Promt-Indirecto/ Int",not_delivering,4200,Diario,0,0,0,0,,0,,,,,"En curso",2025-07-07,-,0,ABSOLUTE_OCPM,2025-07-07T05:07:02-0500,0,,0,
2025-11-01,2026-03-20,"PERSONALIZADOS 24 HORAS",not_delivering,"Con el presupuesto de la campaña",0,0,0,0,0,,0,,,,,"En curso",2025-07-08,-,0,CPA,0,0,,0,
2025-11-01,2026-03-20,"EFFI ADV-Promt-Directo/ Intc",not_delivering,6250,Diario,0,0,0,0,,0,,,,,"En curso",2025-07-24,-,0,ABSOLUTE_OCPM,2025-07-24T07:25:15-0500,0,,0,
2025-11-01,2026-03-20,"GRUPO EFFI - ADVTG - ABIERTO",not_delivering,20000,Diario,330675,44879,31759,1601,1431,4.30744,231.079665,1435,profile_visit_view,230.43554007,"En curso",2025-10-08,"7 días tras clic o 1 día tras visualización",0,ABSOLUTE_OCPM,2025-11-04T17:00:02-0500,7368.145458,,1.413111,
2025-11-01,2026-03-20,"GRUPO EFFI - ADVTG - PROMPT DIRECTO - IMG",not_delivering,40000,Diario,0,0,0,0,,0,,,,,"En curso",2025-10-16,-,0,ABSOLUTE_OCPM,2025-10-20T19:20:09-0500,0,,0,
2025-11-01,2026-03-20,"EFFIWOMAN - CALIENTE - TRIFASICO",not_delivering,"Con el presupuesto de la campaña",0,0,0,0,0,,0,,,,,"En curso",2025-10-17,-,0,ABSOLUTE_OCPM,2025-10-18T00:23:29-0500,0,,0,
2025-11-01,2026-03-20,"EFFIWOMAN - ADVTG",not_delivering,"Con el presupuesto de la campaña",0,0,0,0,0,,0,,,,,"En curso",2025-10-17,-,0,ABSOLUTE_OCPM,2025-10-18T00:23:28-0500,0,,0,
2025-11-01,2026-03-20,"GRUPO EFFI - ADVTG - PROMPT DIRECTO - IMG",not_delivering,10000,Diario,0,0,0,0,,0,,,,,"En curso",2025-10-24,-,0,ABSOLUTE_OCPM,2025-10-24T08:51:41-0500,0,,0,
2025-11-01,2026-03-20,"GRUPO EFFI - ADVTG - PROMPT DIRECTO - VIDEO",not_delivering,20000,Diario,0,0,0,0,,0,,,,,"En curso",2025-10-24,-,0,ABSOLUTE_OCPM,2025-10-27T15:06:55-0500,0,,0,
2025-11-01,2026-03-20,"ADVTG - DIRECTO",not_delivering,15000,Diario,794918,41883,26470,1838,528,1.888931,1505.526515,274,actions:onsite_conversion.messaging_conversation_started_7d,2901.16058394,"En curso",2025-10-27,"7 días tras clic o 1 día tras visualización",0,ABSOLUTE_OCPM,0,18979.490485,,1.582282,
2025-11-01,2026-03-20,"ADVTG - ABIERTO",not_delivering,15000,Diario,795952,40683,26328,1694,543,1.861136,1465.841621,295,actions:onsite_conversion.messaging_conversation_started_7d,2698.14237288,"En curso",2025-10-27,"7 días tras clic o 1 día tras visualización",0,ABSOLUTE_OCPM,0,19564.732198,,1.545237,
2025-11-01,2026-03-20,"ADVTG - INDIRECTO",not_delivering,15000,Diario,790574,52591,33381,1796,740,2.073036,1068.343243,426,actions:onsite_conversion.messaging_conversation_started_7d,1855.80751174,"En curso",2025-10-27,"7 días tras clic o 1 día tras visualización",0,ABSOLUTE_OCPM,0,15032.496054,,1.575477,
2025-11-01,2026-03-20,"DIRECTO 1 COMMERCE",inactive,10000,Diario,0,0,0,0,,0,,,,,"En curso",2024-11-25,-,0,ABSOLUTE_OCPM,2024-11-26T08:46:55-0500,0,,0,
2025-11-01,2026-03-20,"DIRECTO 1 COMMERCE",not_delivering,10000,Diario,0,0,0,0,,0,,,,,"En curso",2024-11-25,-,0,ABSOLUTE_OCPM,2024-11-26T08:46:49-0500,0,,0,
2025-11-01,2026-03-20,SEGUIDORES,not_delivering,800000,Diario,0,0,0,0,,0,,,,,"En curso",2024-11-25,-,0,ABSOLUTE_OCPM,0,0,,0,
2025-11-01,2026-03-20,INDIRECTO,not_delivering,400000,Diario,0,0,0,0,,0,,,,,"En curso",2024-11-25,-,0,ABSOLUTE_OCPM,2024-11-25T17:05:14-0500,0,,0,
2025-11-01,2026-03-20,Broad,not_delivering,400000,Diario,0,0,0,0,,0,,,,,"En curso",2024-11-25,-,0,ABSOLUTE_OCPM,2024-11-25T17:05:16-0500,0,,0,
2025-11-01,2026-03-20,"ADVANTAGE SYSTEMS",not_delivering,7500,Diario,0,0,0,0,,0,,,,,"En curso",2025-03-03,-,0,ABSOLUTE_OCPM,0,0,,0,
2025-11-01,2026-03-20,"ADVANTAGE SYSTEMS",not_delivering,7500,Diario,0,0,0,0,,0,,,,,"En curso",2025-03-03,-,0,ABSOLUTE_OCPM,0,0,,0,
2025-11-01,2026-03-20,"ADVANTAGE SYSTEMS",not_delivering,7500,Diario,0,0,0,0,,0,,,,,"En curso",2025-03-03,-,0,ABSOLUTE_OCPM,0,0,,0,
2025-11-01,2026-03-20,"GRUPO EFFI - ADVTG - PROMPT DIRECTO",not_delivering,26800,Diario,0,0,0,0,,0,,,,,"En curso",2025-09-25,-,0,ABSOLUTE_OCPM,0,0,,0,
2025-11-01,2026-03-20,"EFFIWOMAN - ADVTG - PROMPT DIRECTO",not_delivering,31250,Diario,0,0,0,0,,0,,,,,"En curso",2025-09-25,-,0,ABSOLUTE_OCPM,2025-09-29T10:08:50-0500,0,,0,
2025-11-01,2026-03-20,"EFFIWOMAN - ADVTG - PROMPT DIRECTO - IMAGEN",inactive,10000,Diario,0,0,0,0,,0,,,,,"En curso",2025-10-16,-,0,ABSOLUTE_OCPM,2025-10-17T18:41:34-0500,0,,0,
2025-11-01,2026-03-20,"EFFIWOMAN NUEVA PAG - ADVTG - PROMPT DIRECTO - IMAGEN",not_delivering,30000,Diario,0,0,0,0,,0,,,,,"En curso",2025-10-17,-,0,ABSOLUTE_OCPM,2025-10-20T15:02:11-0500,0,,0,
2025-11-01,2026-03-20,"EFFIWOMAN - ADVTG - PROMPT DIRECTO",not_delivering,"Con el presupuesto de la campaña",0,0,0,0,0,,0,,,,,"En curso",2025-10-17,-,0,ABSOLUTE_OCPM,2025-10-18T00:23:28-0500,0,,0,
2025-11-01,2026-03-20,"EFFIWOMAN - ADVTG",active,"Con el presupuesto de la campaña",0,2126541,316556,132901,10744,10962,7.095507,193.992063,10836,profile_visit_view,196.24778516,"En curso",2025-10-21,"7 días tras clic o 1 día tras visualización",0,ABSOLUTE_OCPM,2026-01-29T16:25:41-0500,6717.740305,,2.381893,
2025-11-01,2026-03-20,"EFFICOMMERCE - ADVTG - ABIERTO",not_delivering,"Con el presupuesto de la campaña",0,0,0,0,0,,0,,,,,"En curso",2025-10-23,-,0,ABSOLUTE_OCPM,0,0,,0,
2025-11-01,2026-03-20,"EFFICOMMERCE - ADVTG - DIRECTO",not_delivering,"Con el presupuesto de la campaña",0,0,0,0,0,,0,,,,,"En curso",2025-10-23,-,0,ABSOLUTE_OCPM,0,0,,0,
2025-11-01,2026-03-20,"EFFICOMMERCE - ADVTG - INDIRECTO",not_delivering,"Con el presupuesto de la campaña",0,0,0,0,0,,0,,,,,"En curso",2025-10-23,-,0,ABSOLUTE_OCPM,0,0,,0,
2025-11-01,2026-03-20,"EFFICOMMERCE - RMKT TRIFASICO",not_delivering,50000,Diario,0,0,0,0,,0,,1,actions:onsite_conversion.messaging_conversation_started_7d,0,"En curso",2025-10-23,"7 días tras clic o 1 día tras visualización",0,ABSOLUTE_OCPM,0,0,,0,
2025-11-01,2026-03-20,"ADVTG - PROMPT DIRECTO - IMAGEN - Copia",not_delivering,"Con el presupuesto de la campaña",0,51475,3846,2344,49,30,1.194539,1715.833333,1,actions:offsite_conversion.fb_pixel_complete_registration,51475,"En curso",2025-11-08,"7 días tras clic, 1 día tras visualización o 1 día tras visualización activa",0,ABSOLUTE_OCPM,2025-11-08T13:55:39-0500,13384.035361,,1.640785,
2025-11-01,2026-03-20,"GRUPO EFFI - ADVTG - PROMPT DIRECTO - IMG",not_delivering,200000,Diario,31880,3097,3031,45,29,0.923788,1099.310345,,,,"En curso",2025-11-19,"7 días tras clic, 1 día tras visualización o 1 día tras visualización activa",0,ABSOLUTE_OCPM,2025-11-19T13:09:28-0500,10293.832741,,1.021775,
2025-11-01,2026-03-20,"IG JUAN - ADVTG - ABIERTO",active,"Con el presupuesto de la campaña",0,1786078,416382,225825,11426,11201,4.460091,159.457013,10794,profile_visit_view,165.4695201,"En curso",2025-11-20,"1 día tras clic",0,ABSOLUTE_OCPM,2026-02-03T00:26:38-0500,4289.517799,,1.843826,
2025-11-01,2026-03-20,"IG JUAN - ADVTG - PROMPT DIRECTO",active,"Con el presupuesto de la campaña",0,608130,153090,112573,6768,5449,4.435344,111.603964,5132,profile_visit_view,118.49766173,"En curso",2025-11-20,"1 día tras clic",0,ABSOLUTE_OCPM,2026-02-03T00:26:55-0500,3972.369195,,1.359918,
2025-11-01,2026-03-20,"ADVTG - ABIERTO",not_delivering,"Con el presupuesto de la campaña",0,128796,15468,10455,373,87,0.813008,1480.413793,54,actions:onsite_conversion.messaging_conversation_started_7d,2385.11111111,"En curso",2026-01-13,"7 días tras clic o 1 día tras visualización",0,ABSOLUTE_OCPM,0,8326.609775,,1.479484,
2025-11-01,2026-03-20,"GRUPO EFFI - ADVTG - PROMPT DIRECTO",not_delivering,20000,Diario,167891,19124,7684,367,195,2.303488,860.979487,88,actions:offsite_conversion.fb_pixel_complete_registration,1907.85227273,"En curso",2026-01-20,"7 días tras clic, 1 día tras visualización o 1 día tras visualización activa",0,ABSOLUTE_OCPM,2026-01-20T17:56:19-0500,8779.073416,,2.488808,
2025-11-01,2026-03-20,"GRUPO EFFI - ADVTG - ABIERTO - MEDELLIN",not_delivering,20000,Diario,150396,16659,6364,323,185,2.514142,812.951351,74,actions:offsite_conversion.fb_pixel_complete_registration,2032.37837838,"En curso",2026-01-20,"7 días tras clic, 1 día tras visualización o 1 día tras visualización activa",0,ABSOLUTE_OCPM,2026-01-20T17:56:08-0500,9027.91284,,2.617693,
2025-11-01,2026-03-20,SEGUIDORES,not_delivering,400000,Diario,0,0,0,0,,0,,,,,"En curso",2024-11-24,-,0,ABSOLUTE_OCPM,2024-11-25T16:34:41-0500,0,,0,
2025-11-01,2026-03-20,VISITAS,not_delivering,300000,Diario,0,0,0,0,,0,,,,,"En curso",2024-11-25,-,0,ABSOLUTE_OCPM,0,0,,0,
2025-11-01,2026-03-20,"R Caliente",not_delivering,300000,Diario,0,0,0,0,,0,,,,,"En curso",2024-11-25,-,0,ABSOLUTE_OCPM,0,0,,0,
2025-11-01,2026-03-20,SEGUIDORES,not_delivering,100000,Diario,0,0,0,0,,0,,,,,"En curso",2024-11-25,-,0,ABSOLUTE_OCPM,0,0,,0,
2025-11-01,2026-03-20,DIRECTO,not_delivering,400000,Diario,0,0,0,0,,0,,,,,"En curso",2024-11-25,-,0,ABSOLUTE_OCPM,0,0,,0,
2025-11-01,2026-03-20,Broad,not_delivering,300000,Diario,0,0,0,0,,0,,,,,"En curso",2024-11-25,-,0,ABSOLUTE_OCPM,0,0,,0,
2025-11-01,2026-03-20,DIRECTO,not_delivering,400000,Diario,0,0,0,0,,0,,,,,"En curso",2024-11-25,-,0,ABSOLUTE_OCPM,2024-11-25T17:05:15-0500,0,,0,
2025-11-01,2026-03-20,INDIRECTO,not_delivering,400000,Diario,0,0,0,0,,0,,,,,"En curso",2024-11-25,-,0,ABSOLUTE_OCPM,2024-11-25T18:41:02-0500,0,,0,
2025-11-01,2026-03-20,seguidores,not_delivering,333000,Diario,0,0,0,0,,0,,,,,"En curso",2024-11-26,-,0,ABSOLUTE_OCPM,0,0,,0,
2025-11-01,2026-03-20,REGISTRADOS,not_delivering,333000,Diario,0,0,0,0,,0,,,,,"En curso",2024-11-26,-,0,ABSOLUTE_OCPM,2024-11-26T15:13:28-0500,0,,0,
2025-11-01,2026-03-20,R.marketing,not_delivering,333000,Diario,0,0,0,0,,0,,,,,"En curso",2024-11-26,-,0,ABSOLUTE_OCPM,2024-11-26T15:13:28-0500,0,,0,
2025-11-01,2026-03-20,"CAEX - ADVANTAGE (35 - 45)",inactive,18000,Diario,0,0,0,0,,0,,,,,"En curso",2025-02-06,-,0,ABSOLUTE_OCPM,0,0,,0,
2025-11-01,2026-03-20,"CAEX - DIRECTO - marketing",not_delivering,18000,Diario,0,0,0,0,,0,,,,,"En curso",2025-02-06,-,0,ABSOLUTE_OCPM,0,0,,0,
2025-11-01,2026-03-20,"CAEX - INDIRECTO - finanzas",not_delivering,18000,Diario,0,0,0,0,,0,,,,,"En curso",2025-02-06,-,0,ABSOLUTE_OCPM,0,0,,0,
2025-11-01,2026-03-20,"CAEX - ADVANTAGE (25 - 34)",not_delivering,12000,Diario,0,0,0,0,,0,,,,,"En curso",2025-02-08,-,0,ABSOLUTE_OCPM,0,0,,0,
2025-11-01,2026-03-20,"EFFI ADV-Promt-Directo/ Intc",not_delivering,11250,Diario,0,0,0,0,,0,,,,,"En curso",2025-07-07,-,0,ABSOLUTE_OCPM,2025-07-09T13:31:17-0500,0,,0,
2025-11-01,2026-03-20,"IG JUAN - ADVTG - ABIERTO",active,"Con el presupuesto de la campaña",0,226398,165034,138576,1323,154,0.11113,1470.116883,104649,actions:post_engagement,2.16340338,"En curso",2025-11-20,"7 días tras clic o 1 día tras visualización",0,ABSOLUTE_OCPM,2026-02-23T17:51:16-0500,1371.826412,,1.190928,
2025-11-01,2026-03-20,"IG JUAN - ADVTG - PROMPT DIRECTO",active,"Con el presupuesto de la campaña",0,372050,250294,198905,2717,233,0.115633,1596.781116,172674,actions:post_engagement,2.15463822,"En curso",2025-11-20,"7 días tras clic o 1 día tras visualización",0,ABSOLUTE_OCPM,2026-02-23T17:51:17-0500,1486.451933,,1.25836,
2025-11-01,2026-03-20,"IG SARA - ADVTG - PROMPT DIRECTO",active,"Con el presupuesto de la campaña",0,516124,386805,285177,8456,8,0.002805,64515.5,104503,video_thruplay_watched_actions,4.93884386,"En curso",2025-11-26,"7 días tras clic o 1 día tras visualización",0,ABSOLUTE_OCPM,2026-03-10T16:53:30-0500,1334.326082,,1.356368,
2025-11-01,2026-03-20,"IG SARA - ADVTG - ABIERTO",active,"Con el presupuesto de la campaña",0,52021,23749,22431,170,65,0.280861,800.323077,5469,video_thruplay_watched_actions,9.5119766,"En curso",2025-11-26,"7 días tras clic o 1 día tras visualización",0,ABSOLUTE_OCPM,2026-03-10T16:49:26-0500,2190.450124,,1.058758,
2025-11-01,2026-03-20,"EFFIWOMAN - ADVTG - PROMPT DIRECTO - IMAGEN",not_delivering,"Con el presupuesto de la campaña",0,157805,11188,4509,198,113,2.417387,1396.504425,89,actions:offsite_conversion.fb_pixel_complete_registration,1773.08988764,"En curso",2026-02-13,"7 días tras clic, 1 día tras visualización o 1 día tras visualización activa",0,ABSOLUTE_OCPM,2026-03-13T19:33:13-0500,14104.844476,,2.48126,
2025-11-01,2026-03-20,"GRUPO EFFI - ADVTG - PROMPT DIRECTO",not_delivering,30000,Diario,65432,6019,4193,75,46,1.049368,1422.434783,9,actions:offsite_conversion.fb_pixel_complete_registration,7270.22222222,"En curso",2026-03-02,"7 días tras clic, 1 día tras visualización o 1 día tras visualización activa",0,ABSOLUTE_OCPM,2026-03-02T11:37:37-0500,10870.908789,,1.435488,
2025-11-01,2026-03-20,"GRUPO EFFI - ADVTG - ABIERTO - MEDELLIN",not_delivering,30000,Diario,64235,5077,3474,64,40,1.09384,1605.875,10,actions:offsite_conversion.fb_pixel_complete_registration,6423.5,"En curso",2026-03-02,"7 días tras clic, 1 día tras visualización o 1 día tras visualización activa",0,ABSOLUTE_OCPM,2026-03-02T11:37:30-0500,12652.156786,,1.461428,
2025-11-01,2026-03-20,"GRUPO EFFI - ADVTG - ABIERTO - MEDELLIN",not_delivering,15000,Diario,83742,11867,5026,416,92,1.631516,910.23913,47,actions:offsite_conversion.fb_pixel_complete_registration,1781.74468085,"En curso",2026-03-05,"7 días tras clic, 1 día tras visualización o 1 día tras visualización activa",0,ABSOLUTE_OCPM,2026-03-09T00:26:17-0500,7056.71189,,2.361122,
2025-11-01,2026-03-20,"GRUPO EFFI - ADVTG - PROMPT DIRECTO",not_delivering,15000,Diario,100518,8209,4576,252,157,3.168706,640.242038,77,actions:offsite_conversion.fb_pixel_complete_registration,1305.42857143,"En curso",2026-03-05,"7 días tras clic, 1 día tras visualización o 1 día tras visualización activa",0,ABSOLUTE_OCPM,2026-03-05T16:54:24-0500,12244.85321,,1.793925,
2025-11-01,2026-03-20,SEGUIDORES,not_delivering,400000,Diario,0,0,0,0,,0,,,,,"En curso",2024-11-24,-,0,ABSOLUTE_OCPM,2024-11-25T16:30:31-0500,0,,0,
2025-11-01,2026-03-20,SEGUIDORES,not_delivering,400000,Diario,0,0,0,0,,0,,,,,"En curso",2024-11-24,-,0,ABSOLUTE_OCPM,2024-11-25T16:30:26-0500,0,,0,
2025-11-01,2026-03-20,DIRECTO,not_delivering,800000,Diario,0,0,0,0,,0,,,,,"En curso",2024-11-25,-,0,ABSOLUTE_OCPM,0,0,,0,
2025-11-01,2026-03-20,DIRECTO,not_delivering,800000,Diario,0,0,0,0,,0,,,,,"En curso",2024-11-25,-,0,ABSOLUTE_OCPM,0,0,,0,
2025-11-01,2026-03-20,BROAD,not_delivering,800000,Diario,0,0,0,0,,0,,,,,"En curso",2024-11-25,-,0,ABSOLUTE_OCPM,0,0,,0,
2025-11-01,2026-03-20,"CAEX - DIRECTO - marketing",not_delivering,5000,Diario,0,0,0,0,,0,,,,,"En curso",2025-02-06,-,0,CPA,0,0,,0,
2025-11-01,2026-03-20,"CAEX - SEGUIDORES",not_delivering,5000,Diario,0,0,0,0,,0,,,,,"En curso",2025-02-06,-,0,CPA,0,0,,0,
2025-11-01,2026-03-20,"CAEX - DIRECTO - logistica",inactive,12000,Diario,0,0,0,0,,0,,,,,"En curso",2025-02-06,-,0,ABSOLUTE_OCPM,0,0,,0,
2025-11-01,2026-03-20,"CAEX - INDIRECTO - bienestar",not_delivering,12000,Diario,0,0,0,0,,0,,,,,"En curso",2025-02-06,-,0,ABSOLUTE_OCPM,0,0,,0,
2025-11-01,2026-03-20,"CAEX - ADVANTAGE (25 - 34)",inactive,12000,Diario,0,0,0,0,,0,,,,,"En curso",2025-02-06,-,0,ABSOLUTE_OCPM,0,0,,0,
2025-11-01,2026-03-20,"EFFICAEX 🟢F2 (14) ADVANTAGE | CAPTACION | VENTAS A WEB | REGISTRO | VIDEOS | IG | 08 FEB 2025 Campaña  Conjunto de anuncios",not_delivering,36000,Diario,0,0,0,0,,0,,,,,"En curso",2025-02-08,-,0,ABSOLUTE_OCPM,0,0,,0,
2025-11-01,2026-03-20,"CAEX - ADVANTAGE (25 - 34)",not_delivering,12000,Diario,0,0,0,0,,0,,,,,"En curso",2025-02-08,-,0,ABSOLUTE_OCPM,0,0,,0,
2025-11-01,2026-03-20,"CAEX - ADVANTAGE (25 - 34)",not_delivering,12000,Diario,0,0,0,0,,0,,,,,"En curso",2025-02-08,-,0,ABSOLUTE_OCPM,0,0,,0,
2025-11-01,2026-03-20,ADVANTAGE,not_delivering,10000,Diario,0,0,0,0,,0,,,,,"En curso",2025-05-06,-,0,ABSOLUTE_OCPM,0,0,,0,
2025-11-01,2026-03-20,"ADVANTAGE - PROM DIRECTO",not_delivering,10000,Diario,0,0,0,0,,0,,,,,"En curso",2025-05-06,-,0,ABSOLUTE_OCPM,0,0,,0,
2025-11-01,2026-03-20,"ADVANTAGE - PROM INDIRECTO",not_delivering,10000,Diario,0,0,0,0,,0,,,,,"En curso",2025-05-06,-,0,ABSOLUTE_OCPM,0,0,,0,
2025-11-01,2026-03-20,"PROMT INDIRECTO",not_delivering,7000,Diario,0,0,0,0,,0,,,,,"En curso",2025-05-07,-,0,ABSOLUTE_OCPM,0,0,,0,
2025-11-01,2026-03-20,"PROMT DIRECTO",not_delivering,7000,Diario,0,0,0,0,,0,,,,,"En curso",2025-05-07,-,0,ABSOLUTE_OCPM,2026-01-09T16:06:35-0500,0,,0,
2025-11-01,2026-03-20,ADVANTAGE,not_delivering,7000,Diario,0,0,0,0,,0,,,,,"En curso",2025-05-07,-,0,ABSOLUTE_OCPM,0,0,,0,
2025-11-01,2026-03-20,"SIMILAR REPR VID",not_delivering,5000,Diario,0,0,0,0,,0,,,,,"En curso",2025-05-07,-,0,ABSOLUTE_OCPM,0,0,,0,
2025-11-01,2026-03-20,"SIMILAR SEGUIDORES",not_delivering,5000,Diario,0,0,0,0,,0,,,,,"En curso",2025-05-07,-,0,ABSOLUTE_OCPM,0,0,,0,
2025-11-01,2026-03-20,"SIMILAR CALIENTE",not_delivering,5000,Diario,0,0,0,0,,0,,,,,"En curso",2025-05-07,-,0,ABSOLUTE_OCPM,0,0,,0,
2025-11-01,2026-03-20,"EFFI ADV-Promt-Directo/ Intc",not_delivering,4200,Diario,0,0,0,0,,0,,,,,"En curso",2025-07-07,-,0,ABSOLUTE_OCPM,2025-07-07T08:26:15-0500,0,,0,
2025-11-01,2026-03-20,"IG JUAN - ADVTG - ABIERTO",active,"Con el presupuesto de la campaña",0,10890,2198,1991,64,61,2.913109,178.52459,58,profile_visit_view,187.75862069,"En curso",2026-03-18,"1 día tras clic",0,ABSOLUTE_OCPM,0,4954.504095,,1.103968,
2025-11-01,2026-03-20,"IG JUAN - ADVTG - PROMPT DIRECTO",active,"Con el presupuesto de la campaña",0,11257,2583,2275,57,50,2.10989,225.14,46,profile_visit_view,244.7173913,"En curso",2026-03-18,"1 día tras clic",0,ABSOLUTE_OCPM,0,4358.110724,,1.135385,
2025-11-01,2026-03-20,Broad,not_delivering,100000,Diario,0,0,0,0,,0,,,,,"En curso",2024-11-24,-,0,ABSOLUTE_OCPM,2024-11-26T14:18:16-0500,0,,0,
2025-11-01,2026-03-20,SEGUIDORES,not_delivering,400000,Diario,0,0,0,0,,0,,,,,"En curso",2024-11-24,-,0,ABSOLUTE_OCPM,2024-11-25T16:30:37-0500,0,,0,
2025-11-01,2026-03-20,DIRECTO,inactive,400000,Diario,0,0,0,0,,0,,,,,"En curso",2024-11-24,-,0,ABSOLUTE_OCPM,0,0,,0,
2025-11-01,2026-03-20,INDIRECTO,not_delivering,100000,Diario,0,0,0,0,,0,,,,,"En curso",2024-11-24,-,0,ABSOLUTE_OCPM,2024-11-26T14:16:26-0500,0,,0,
2025-11-01,2026-03-20,seguidores,not_delivering,175000,Diario,0,0,0,0,,0,,,,,"En curso",2024-11-26,-,0,ABSOLUTE_OCPM,0,0,,0,
2025-11-01,2026-03-20,registro,not_delivering,175000,Diario,0,0,0,0,,0,,,,,"En curso",2024-11-26,-,0,ABSOLUTE_OCPM,0,0,,0,
2025-11-01,2026-03-20,R.marketing,not_delivering,175000,Diario,0,0,0,0,,0,,,,,"En curso",2024-11-26,-,0,ABSOLUTE_OCPM,0,0,,0,
2025-11-01,2026-03-20,"SIMILAR TIBIO 180D",not_delivering,10000,Diario,0,0,0,0,,0,,,,,"En curso",2024-12-20,-,0,ABSOLUTE_OCPM,0,0,,0,
2025-11-01,2026-03-20,"SIMILAR CALIENTE 180D",not_delivering,12500,Diario,0,0,0,0,,0,,,,,"En curso",2024-12-20,-,0,ABSOLUTE_OCPM,0,0,,0,
2025-11-01,2026-03-20,"SIMILAR TRIFASICO 180D",not_delivering,10000,Diario,0,0,0,0,,0,,,,,"En curso",2024-12-20,-,0,ABSOLUTE_OCPM,0,0,,0,
2025-11-01,2026-03-20,"EFFICAEX 🟢F2 (16) ADVANTAGE | CAPTACION | VENTAS A WEB | REGISTRO | VIDEOS | IG | 08 FEB 2025 Campaña   Conjunto de anuncios",not_delivering,36000,Diario,0,0,0,0,,0,,,,,"En curso",2025-02-08,-,0,ABSOLUTE_OCPM,0,0,,0,
2025-11-01,2026-03-20,"CAEX - ADVANTAGE (25 - 34)",inactive,12000,Diario,0,0,0,0,,0,,,,,"En curso",2025-02-08,-,0,ABSOLUTE_OCPM,0,0,,0,
2025-11-01,2026-03-20,"CAEX - ADVANTAGE (25 - 34)",not_delivering,12000,Diario,0,0,0,0,,0,,,,,"En curso",2025-02-08,-,0,ABSOLUTE_OCPM,0,0,,0,
2025-11-01,2026-03-20,"CAEX - ADVANTAGE (35 - 45)",not_delivering,12000,Diario,0,0,0,0,,0,,,,,"En curso",2025-02-08,-,0,ABSOLUTE_OCPM,0,0,,0,
2025-11-01,2026-03-20,"CAEX - ADVANTAGE (35 - 45)",inactive,12000,Diario,0,0,0,0,,0,,,,,"En curso",2025-02-08,-,0,ABSOLUTE_OCPM,0,0,,0,
2025-11-01,2026-03-20,"CAEX - ADVANTAGE (35 - 45)",inactive,12000,Diario,0,0,0,0,,0,,,,,"En curso",2025-02-08,-,0,ABSOLUTE_OCPM,0,0,,0,
2025-11-01,2026-03-20,"CAEX - ADVANTAGE (25 - 34)",not_delivering,12000,Diario,0,0,0,0,,0,,,,,"En curso",2025-02-08,-,0,ABSOLUTE_OCPM,0,0,,0,
2025-11-01,2026-03-20,"CAEX - ADVANTAGE (25 - 34)",inactive,12000,Diario,0,0,0,0,,0,,,,,"En curso",2025-02-08,-,0,ABSOLUTE_OCPM,0,0,,0,
2025-11-01,2026-03-20,"CAEX - ADVANTAGE (25 - 34)",inactive,12000,Diario,0,0,0,0,,0,,,,,"En curso",2025-02-08,-,0,ABSOLUTE_OCPM,0,0,,0,
2025-11-01,2026-03-20,"CAEX - ADVANTAGE (35 - 45)",not_delivering,12000,Diario,0,0,0,0,,0,,,,,"En curso",2025-02-09,-,0,ABSOLUTE_OCPM,0,0,,0,
2025-11-01,2026-03-20,"CAEX - ADVANTAGE (35 - 45) - Copia",not_delivering,12000,Diario,0,0,0,0,,0,,,,,"En curso",2025-02-09,-,0,ABSOLUTE_OCPM,0,0,,0,
2025-11-01,2026-03-20,"CAEX - ADVANTAGE (35 - 45) - Copia",not_delivering,12000,Diario,0,0,0,0,,0,,,,,"En curso",2025-02-09,-,0,ABSOLUTE_OCPM,0,0,,0,
2025-11-01,2026-03-20,"GRUPO EFFI - ADVTG - PROMPT DIRECTO - IMG",not_delivering,45000,Diario,0,0,0,0,,0,,,,,"En curso",2025-10-03,-,0,ABSOLUTE_OCPM,2025-10-06T16:52:09-0500,0,,0,
2025-11-01,2026-03-20,"GRUPO EFFI - ADVTG - PROMPT DIRECTO - VID",not_delivering,60000,Diario,0,0,0,0,,0,,,,,"En curso",2025-10-06,-,0,ABSOLUTE_OCPM,2025-10-06T16:52:15-0500,0,,0,
2025-11-01,2026-03-20,"GRUPO EFFI - ADVTG - PROMPT DIRECTO - IMG",not_delivering,100000,Diario,102227,9524,7399,269,130,1.648871,786.361538,30,actions:offsite_conversion.fb_pixel_complete_registration,3407.56666667,"En curso",2025-12-09,"7 días tras clic, 1 día tras visualización o 1 día tras visualización activa",0,ABSOLUTE_OCPM,2025-12-09T18:22:54-0500,10733.620328,,1.287201,
2025-11-01,2026-03-20,INDIRECTO,inactive,10000,Diario,0,0,0,0,,0,,,,,"En curso",2024-12-20,-,0,ABSOLUTE_OCPM,0,0,,0,
2025-11-01,2026-03-20,DIRECTO,not_delivering,10000,Diario,0,0,0,0,,0,,,,,"En curso",2024-12-20,-,0,ABSOLUTE_OCPM,0,0,,0,
2025-11-01,2026-03-20,ADVANTAGE,inactive,10000,Diario,0,0,0,0,,0,,,,,"En curso",2024-12-20,-,0,ABSOLUTE_OCPM,0,0,,0,
2025-11-01,2026-03-20,"CAEX - INDIRECTO - finanzas",inactive,12000,Diario,0,0,0,0,,0,,,,,"En curso",2025-02-06,-,0,ABSOLUTE_OCPM,0,0,,0,
2025-11-01,2026-03-20,"CAEX - ADVANTAGE (35 - 45)",inactive,12000,Diario,0,0,0,0,,0,,,,,"En curso",2025-02-06,-,0,ABSOLUTE_OCPM,0,0,,0,
2025-11-01,2026-03-20,"CAEX - DIRECTO - marketing",not_delivering,15000,Diario,0,0,0,0,,0,,,,,"En curso",2025-02-06,-,0,ABSOLUTE_OCPM,0,0,,0,
2025-11-01,2026-03-20,"EFFICAEX 🟢F2 (15) ADVANTAGE | CAPTACION | VENTAS A WEB | REGISTRO | VIDEOS | IG | 08 FEB 2025 Campaña  Conjunto de anuncios",not_delivering,36000,Diario,0,0,0,0,,0,,,,,"En curso",2025-02-08,-,0,ABSOLUTE_OCPM,0,0,,0,
2025-11-01,2026-03-20,"CAEX - ADVANTAGE (25 - 34)",inactive,12000,Diario,0,0,0,0,,0,,,,,"En curso",2025-02-08,-,0,ABSOLUTE_OCPM,0,0,,0,
2025-11-01,2026-03-20,"CAEX - ADVANTAGE (35 - 45)",not_delivering,12000,Diario,0,0,0,0,,0,,,,,"En curso",2025-02-08,-,0,ABSOLUTE_OCPM,0,0,,0,
2025-11-01,2026-03-20,"CAEX - ADVANTAGE (35 - 45)",not_delivering,12000,Diario,0,0,0,0,,0,,,,,"En curso",2025-02-08,-,0,ABSOLUTE_OCPM,0,0,,0,
2025-11-01,2026-03-20,"CAEX - ADVANTAGE (35 - 45)",not_delivering,12000,Diario,0,0,0,0,,0,,,,,"En curso",2025-02-08,-,0,ABSOLUTE_OCPM,0,0,,0,
2025-11-01,2026-03-20,"CAEX - ADVANTAGE (25 - 45)",not_delivering,12000,Diario,0,0,0,0,,0,,,,,"En curso",2025-02-08,-,0,ABSOLUTE_OCPM,0,0,,0,
2025-11-01,2026-03-20,"CAEX - ADVANTAGE (25 - 45)",inactive,12000,Diario,0,0,0,0,,0,,,,,"En curso",2025-02-08,-,0,ABSOLUTE_OCPM,0,0,,0,
2025-11-01,2026-03-20,"CAEX - ADVANTAGE (25 - 45)",not_delivering,12000,Diario,0,0,0,0,,0,,,,,"En curso",2025-02-08,-,0,ABSOLUTE_OCPM,0,0,,0,
2025-11-01,2026-03-20,ADVANTAGE,not_delivering,5000,Diario,0,0,0,0,,0,,,,,"En curso",2025-05-07,-,0,ABSOLUTE_OCPM,0,0,,0,
2025-11-01,2026-03-20,ADVANTAGE,not_delivering,5000,Diario,0,0,0,0,,0,,,,,"En curso",2025-05-07,-,0,ABSOLUTE_OCPM,0,0,,0,
2025-11-01,2026-03-20,ADVANTAGE,not_delivering,5000,Diario,0,0,0,0,,0,,,,,"En curso",2025-05-07,-,0,ABSOLUTE_OCPM,0,0,,0,
2025-11-01,2026-03-20,ADVANTAGE,not_delivering,5000,Diario,0,0,0,0,,0,,,,,"En curso",2025-05-07,-,0,ABSOLUTE_OCPM,0,0,,0,
2025-11-01,2026-03-20,"PROMT DIRECTO",not_delivering,5000,Diario,0,0,0,0,,0,,,,,"En curso",2025-05-07,-,0,ABSOLUTE_OCPM,2026-01-09T16:06:12-0500,0,,0,
2025-11-01,2026-03-20,"PROMT INDIRECTO",not_delivering,5000,Diario,0,0,0,0,,0,,,,,"En curso",2025-05-07,-,0,ABSOLUTE_OCPM,0,0,,0,
2025-11-01,2026-03-20,"IG SARA - ADVTG - PROMPT DIRECTO",active,"Con el presupuesto de la campaña",0,1166233,324391,223139,20472,20868,9.352018,55.886189,20652,profile_visit_view,56.47070502,"En curso",2025-11-26,"1 día tras clic",0,ABSOLUTE_OCPM,2026-02-01T00:27:15-0500,3595.145981,,1.453762,
2025-11-01,2026-03-20,"IG SARA - ADVTG - ABIERTO",active,"Con el presupuesto de la campaña",0,1109405,283080,170056,12046,11571,6.145623,95.878057,11452,profile_visit_view,96.87434509,"En curso",2025-11-26,"1 día tras clic",0,ABSOLUTE_OCPM,0,3919.051152,,1.664628,
2025-11-01,2026-03-20,"EFFIWOMAN - ADVTG - PROMPT DIRECTO - IMAGEN",not_delivering,25700,Diario,342587,29461,8263,538,316,3.328089,1084.136076,155,actions:offsite_conversion.fb_pixel_complete_registration,2210.23870968,"En curso",2026-01-07,"7 días tras clic, 1 día tras visualización o 1 día tras visualización activa",0,ABSOLUTE_OCPM,2026-01-07T10:51:05-0500,11628.491905,,3.565412,
2025-11-01,2026-03-20,"ADVTG - ABIERTO",inactive,"Con el presupuesto de la campaña",0,744807,71465,30226,1861,1017,2.941176,732.356932,72,conversions:subscribe_website,10344.54166667,"En curso",2026-01-09,"7 días tras clic, 1 día tras visualización o 1 día tras visualización activa",0,ABSOLUTE_OCPM,0,10421.982789,,2.364355,
2025-11-01,2026-03-20,"ADVTG - ABIERTO - Registro",active,"Con el presupuesto de la campaña",0,3220293,159484,44508,3916,2205,3.752134,1460.45034,62,actions:offsite_conversion.fb_pixel_complete_registration,51940.20967742,"En curso",2026-01-22,"7 días tras clic, 1 día tras visualización o 1 día tras visualización activa",0,ABSOLUTE_OCPM,2026-03-17T15:55:27-0500,20191.95029,,3.583266,
2025-11-01,2026-03-20,Broad,not_delivering,100000,Diario,0,0,0,0,,0,,,,,"En curso",2024-11-24,-,0,ABSOLUTE_OCPM,2024-11-26T14:18:32-0500,0,,0,
2025-11-01,2026-03-20,INDIRECTO,not_delivering,100000,Diario,0,0,0,0,,0,,,,,"En curso",2024-11-24,-,0,ABSOLUTE_OCPM,2024-11-26T14:16:45-0500,0,,0,
2025-11-01,2026-03-20,DIRECTO,inactive,400000,Diario,0,0,0,0,,0,,,,,"En curso",2024-11-24,-,0,ABSOLUTE_OCPM,2024-11-25T16:28:45-0500,0,,0,
2025-11-01,2026-03-20,Broad,not_delivering,900000,Diario,0,0,0,0,,0,,,,,"En curso",2024-11-24,-,0,ABSOLUTE_OCPM,0,0,,0,
2025-11-01,2026-03-20,Broad,not_delivering,400000,Diario,0,0,0,0,,0,,,,,"En curso",2024-11-24,-,0,ABSOLUTE_OCPM,2024-11-25T16:34:33-0500,0,,0,
2025-11-01,2026-03-20,DIRECTO,not_delivering,800000,Diario,0,0,0,0,,0,,,,,"En curso",2024-11-25,-,0,ABSOLUTE_OCPM,0,0,,0,
2025-11-01,2026-03-20,BROAD,not_delivering,800000,Diario,0,0,0,0,,0,,,,,"En curso",2024-11-25,-,0,ABSOLUTE_OCPM,0,0,,0,
2025-11-01,2026-03-20,SEGUIDORES,not_delivering,800000,Diario,0,0,0,0,,0,,,,,"En curso",2024-11-25,-,0,ABSOLUTE_OCPM,0,0,,0,
2025-11-01,2026-03-20,DIRECTO,not_delivering,800000,Diario,0,0,0,0,,0,,,,,"En curso",2024-11-25,-,0,ABSOLUTE_OCPM,0,0,,0,
2025-11-01,2026-03-20,"ADVANTEGE -PROM INDIRECTO",not_delivering,10000,Diario,0,0,0,0,,0,,,,,"En curso",2025-05-04,-,0,ABSOLUTE_OCPM,0,0,,0,
2025-11-01,2026-03-20,ADVANTEGE,not_delivering,10000,Diario,0,0,0,0,,0,,,,,"En curso",2025-05-04,-,0,ABSOLUTE_OCPM,0,0,,0,
2025-11-01,2026-03-20,"ADVANTEGE PROM DIRECTO",not_delivering,10000,Diario,0,0,0,0,,0,,,,,"En curso",2025-05-04,-,0,ABSOLUTE_OCPM,0,0,,0,
2025-11-01,2026-03-20,ADVANTAGE,not_delivering,7000,Diario,0,0,0,0,,0,,,,,"En curso",2025-05-07,-,0,ABSOLUTE_OCPM,0,0,,0,
2025-11-01,2026-03-20,ADVANTAGE,not_delivering,7000,Diario,0,0,0,0,,0,,,,,"En curso",2025-05-07,-,0,ABSOLUTE_OCPM,0,0,,0,
2025-11-01,2026-03-20,ADVANTAGE,not_delivering,7000,Diario,0,0,0,0,,0,,,,,"En curso",2025-05-07,-,0,ABSOLUTE_OCPM,2025-06-09T14:53:38-0500,0,,0,
2025-11-01,2026-03-20,"SIMILAR REPR VID",not_delivering,7000,Diario,0,0,0,0,,0,,,,,"En curso",2025-05-07,-,0,ABSOLUTE_OCPM,0,0,,0,
2025-11-01,2026-03-20,"SIMILAR CALIENTE",not_delivering,7000,Diario,0,0,0,0,,0,,,,,"En curso",2025-05-07,-,0,ABSOLUTE_OCPM,0,0,,0,
2025-11-01,2026-03-20,"SIMILAR SEGUIDORES",not_delivering,7000,Diario,0,0,0,0,,0,,,,,"En curso",2025-05-07,-,0,ABSOLUTE_OCPM,2025-06-16T15:55:39-0500,0,,0,
2025-11-01,2026-03-20,"PUBLICO CALIENTE",not_delivering,10000,Diario,0,0,0,0,,0,,,,,"En curso",2025-06-06,-,0,ABSOLUTE_OCPM,2025-06-06T17:08:46-0500,0,,0,
2025-11-01,2026-03-20,TRIFASICO,not_delivering,10000,Diario,0,0,0,0,,0,,,,,"En curso",2025-06-06,-,0,ABSOLUTE_OCPM,2025-06-06T17:08:49-0500,0,,0,
2025-11-01,2026-03-20,"PUBLICO TIBIO",not_delivering,10000,Diario,0,0,0,0,,0,,,,,"En curso",2025-06-06,-,0,ABSOLUTE_OCPM,0,0,,0,
2025-11-01,2026-03-20,"GRUPO EFFI - ADVTG - PROMPT DIRECTO - IMG",not_delivering,36000,Diario,172890,15449,6718,206,121,1.577851,1428.842975,44,actions:offsite_conversion.fb_pixel_complete_registration,3929.31818182,"En curso",2025-11-21,"7 días tras clic, 1 día tras visualización o 1 día tras visualización activa",0,ABSOLUTE_OCPM,2025-11-21T17:24:00-0500,11191.0156,,2.299643,
2025-11-01,2026-03-20,"ADVTG ABIERTO",not_delivering,"Con el presupuesto de la campaña",0,92880,8156,4597,323,196,3.763324,473.877551,82,actions:offsite_conversion.fb_pixel_complete_registration,1132.68292683,"En curso",2026-03-12,"7 días tras clic, 1 día tras visualización o 1 día tras visualización activa",0,ABSOLUTE_OCPM,2026-03-13T00:22:20-0500,11387.935262,,1.774201,
2025-11-01,2026-03-20,"ADVTG INTERESES MUJERES EMPRENDEDORAS",not_delivering,"Con el presupuesto de la campaña",0,44822,4364,3133,136,79,2.330035,567.367089,37,actions:offsite_conversion.fb_pixel_complete_registration,1211.40540541,"En curso",2026-03-12,"7 días tras clic, 1 día tras visualización o 1 día tras visualización activa",0,ABSOLUTE_OCPM,2026-03-13T00:22:20-0500,10270.852429,,1.392914,
2025-11-01,2026-03-20,"ADVTG DIRECTO",not_delivering,"Con el presupuesto de la campaña",0,26732,2528,2025,94,59,2.617284,453.084746,24,actions:offsite_conversion.fb_pixel_complete_registration,1113.83333333,"En curso",2026-03-12,"7 días tras clic, 1 día tras visualización o 1 día tras visualización activa",0,ABSOLUTE_OCPM,2026-03-13T00:22:20-0500,10574.367089,,1.248395,
2025-11-01,2026-03-20,Broad,not_delivering,100000,Diario,0,0,0,0,,0,,,,,"En curso",2024-11-24,-,0,ABSOLUTE_OCPM,2024-11-26T14:18:10-0500,0,,0,
2025-11-01,2026-03-20,DIRECTO,not_delivering,100000,Diario,0,0,0,0,,0,,,,,"En curso",2024-11-24,-,0,ABSOLUTE_OCPM,2024-11-26T14:17:46-0500,0,,0,
2025-11-01,2026-03-20,INDIRECTO,not_delivering,100000,Diario,0,0,0,0,,0,,,,,"En curso",2024-11-24,-,0,ABSOLUTE_OCPM,2024-11-26T14:18:02-0500,0,,0,
2025-11-01,2026-03-20,SEGUIDORES,not_delivering,800000,Diario,0,0,0,0,,0,,,,,"En curso",2024-11-25,-,0,ABSOLUTE_OCPM,2024-11-25T18:36:15-0500,0,,0,
2025-11-01,2026-03-20,"SIMILAR CALIENTE 90D",not_delivering,10000,Diario,0,0,0,0,,0,,,,,"En curso",2024-12-20,-,0,ABSOLUTE_OCPM,0,0,,0,
2025-11-01,2026-03-20,"SIMILAR TRIFASICO 90D",not_delivering,10000,Diario,0,0,0,0,,0,,,,,"En curso",2024-12-20,-,0,ABSOLUTE_OCPM,2025-02-04T13:17:42-0500,0,,0,
2025-11-01,2026-03-20,"SIMILAR TIBIO 90D",not_delivering,10000,Diario,0,0,0,0,,0,,,,,"En curso",2024-12-20,-,0,ABSOLUTE_OCPM,0,0,,0,
2025-11-01,2026-03-20,"CAEX - ADVANTAGE (25 - 45)",not_delivering,12000,Diario,0,0,0,0,,0,,,,,"En curso",2025-02-09,-,0,ABSOLUTE_OCPM,0,0,,0,
2025-11-01,2026-03-20,"CAEX - ADVANTAGE (25 - 45)",not_delivering,12000,Diario,0,0,0,0,,0,,,,,"En curso",2025-02-09,-,0,ABSOLUTE_OCPM,0,0,,0,
2025-11-01,2026-03-20,"CAEX - ADVANTAGE (25 - 45)",not_delivering,12000,Diario,0,0,0,0,,0,,,,,"En curso",2025-02-09,-,0,ABSOLUTE_OCPM,0,0,,0,
2025-11-01,2026-03-20,"REGISTRADOS EVENT 15 FEB",not_delivering,"Con el presupuesto de la campaña",0,0,0,0,0,,0,,,,,"En curso",2025-02-14,-,0,ABSOLUTE_OCPM,0,0,,0,
2025-11-01,2026-03-20,"ADVANTAGE PROM DIRECTO",not_delivering,"Con el presupuesto de la campaña",0,0,0,0,0,,0,,,,,"En curso",2025-06-12,-,0,ABSOLUTE_OCPM,2025-06-12T10:26:23-0500,0,,0,
2025-11-01,2026-03-20,"ADVANTAGE - PROM INDIRECTO",not_delivering,"Con el presupuesto de la campaña",0,0,0,0,0,,0,,,,,"En curso",2025-06-12,-,0,ABSOLUTE_OCPM,2025-06-12T10:26:22-0500,0,,0,
2025-11-01,2026-03-20,"iNTc RMK TIBIO",not_delivering,5000,Diario,0,0,0,0,,0,,,,,"En curso",2025-07-07,-,0,ABSOLUTE_OCPM,2025-07-07T07:23:22-0500,0,,0,
2025-11-01,2026-03-20,"EFFI ADV-",not_delivering,7000,Diario,0,0,0,0,,0,,,,,"En curso",2025-07-07,-,0,ABSOLUTE_OCPM,2025-07-09T13:31:22-0500,0,,0,
2025-11-01,2026-03-20,"EFFI ADV-Promt-Indirecto/ Int",not_delivering,5000,Diario,0,0,0,0,,0,,,,,"En curso",2025-07-24,-,0,ABSOLUTE_OCPM,2025-07-24T07:25:02-0500,0,,0,
2025-11-01,2026-03-20,"GRUPO EFFI - ADVTG - PROMPT DIRECTO",not_delivering,50000,Diario,0,0,0,0,,0,,,,,"En curso",2025-09-27,-,0,ABSOLUTE_OCPM,2025-09-29T10:04:51-0500,0,,0,
2025-11-01,2026-03-20,"GRUPO EFFI - ADVTG - PROMPT DIRECTO - IMG",not_delivering,36000,Diario,0,0,0,0,,0,,,,,"En curso",2025-10-10,-,0,ABSOLUTE_OCPM,2025-10-13T00:21:40-0500,0,,0,
2025-11-01,2026-03-20,"ADVTG - DIRECTO",not_delivering,16600,Diario,0,0,0,0,,0,,,,,"En curso",2025-10-16,-,0,ABSOLUTE_OCPM,2025-10-21T00:22:25-0500,0,,0,
2025-11-01,2026-03-20,"ADVTG - ABIERTO",not_delivering,16600,Diario,0,0,0,0,,0,,,,,"En curso",2025-10-16,-,0,ABSOLUTE_OCPM,2025-10-21T00:22:25-0500,0,,0,
2025-11-01,2026-03-20,"ADVTG - INDIRECTO",not_delivering,16600,Diario,0,0,0,0,,0,,,,,"En curso",2025-10-16,-,0,ABSOLUTE_OCPM,2025-10-17T15:07:32-0500,0,,0,
2025-11-01,2026-03-20,"EFFICOMMERCE - ADVTG - ABIERTO",not_delivering,"Con el presupuesto de la campaña",0,2103772,136661,54828,3190,624,1.057854,3371.429487,338,actions:onsite_conversion.messaging_conversation_started_7d,6224.17751479,"En curso",2025-10-31,"7 días tras clic o 1 día tras visualización",0,ABSOLUTE_OCPM,2025-10-31T15:42:37-0500,15394.09195,,2.49254,
2025-11-01,2026-03-20,"GRUPO EFFI - ADVTG - PROMPT DIRECTO - IMG",not_delivering,36000,Diario,216067,15417,5744,233,155,2.489554,1393.980645,66,actions:offsite_conversion.fb_pixel_complete_registration,3273.74242424,"En curso",2025-11-06,"7 días tras clic, 1 día tras visualización o 1 día tras visualización activa",0,ABSOLUTE_OCPM,2025-11-11T21:43:44-0500,14014.853733,,2.684018,
2025-11-01,2026-03-20,"GRUPO EFFI - ADVTG - PROMPT DIRECTO",not_delivering,15000,Diario,93899,11165,5449,186,101,1.651679,929.693069,36,actions:offsite_conversion.fb_pixel_complete_registration,2608.30555556,"En curso",2026-03-12,"7 días tras clic, 1 día tras visualización o 1 día tras visualización activa",0,ABSOLUTE_OCPM,2026-03-17T15:55:27-0500,8410.120914,,2.049,
2025-11-01,2026-03-20,"GRUPO EFFI - ADVTG - ABIERTO - MEDELLIN",not_delivering,15000,Diario,92087,11093,4848,157,89,1.670792,1034.685393,25,actions:offsite_conversion.fb_pixel_complete_registration,3683.48,"En curso",2026-03-12,"7 días tras clic, 1 día tras visualización o 1 día tras visualización activa",0,ABSOLUTE_OCPM,2026-03-17T15:55:27-0500,8301.361219,,2.28816,
2025-11-01,2026-03-20,"🚀 F2| C7 | Lanzamiento | Efficaex| 23/11/2024  Conjunto de anuncios",not_delivering,100000,Diario,0,0,0,0,,0,,,,,"En curso",2024-11-25,-,0,ABSOLUTE_OCPM,2024-11-26T14:16:18-0500,0,,0,
2025-11-01,2026-03-20,"CAEX - ADVANTAGE (35 - 45)",inactive,12000,Diario,0,0,0,0,,0,,,,,"En curso",2025-02-06,-,0,ABSOLUTE_OCPM,0,0,,0,
2025-11-01,2026-03-20,"CAEX - DIRECTO - marketing",not_delivering,15000,Diario,0,0,0,0,,0,,,,,"En curso",2025-02-06,-,0,ABSOLUTE_OCPM,0,0,,0,
2025-11-01,2026-03-20,"CAEX - INDIRECTO - finanzas",inactive,12000,Diario,0,0,0,0,,0,,,,,"En curso",2025-02-06,-,0,ABSOLUTE_OCPM,0,0,,0,
2025-11-01,2026-03-20,"ADVANTEGE -PROM INDIRECTO",not_delivering,10000,Diario,0,0,0,0,,0,,,,,"En curso",2025-05-04,-,0,ABSOLUTE_OCPM,0,0,,0,
2025-11-01,2026-03-20,"ADVANTEGE PROM DIRECTO",not_delivering,10000,Diario,0,0,0,0,,0,,,,,"En curso",2025-05-04,-,0,ABSOLUTE_OCPM,0,0,,0,
2025-11-01,2026-03-20,ADVANTEGE,not_delivering,10000,Diario,0,0,0,0,,0,,,,,"En curso",2025-05-04,-,0,ABSOLUTE_OCPM,0,0,,0,
2025-11-01,2026-03-20,"SIMILAR CALIENTE",not_delivering,5000,Diario,0,0,0,0,,0,,,,,"En curso",2025-05-07,-,0,ABSOLUTE_OCPM,0,0,,0,
2025-11-01,2026-03-20,"SIMILAR SEGUIDORES",not_delivering,5000,Diario,0,0,0,0,,0,,,,,"En curso",2025-05-07,-,0,ABSOLUTE_OCPM,0,0,,0,
2025-11-01,2026-03-20,"SIMILAR REPR VID",not_delivering,5000,Diario,0,0,0,0,,0,,,,,"En curso",2025-05-07,-,0,ABSOLUTE_OCPM,0,0,,0,
2025-11-01,2026-03-20,"PUBLICO TIBIO",not_delivering,10000,Diario,0,0,0,0,,0,,,,,"En curso",2025-06-20,-,0,ABSOLUTE_OCPM,2025-06-20T14:03:11-0500,0,,0,
2025-11-01,2026-03-20,"PUBLICO CALIENTE",not_delivering,10000,Diario,0,0,0,0,,0,,,,,"En curso",2025-06-20,-,0,ABSOLUTE_OCPM,2025-06-20T14:03:15-0500,0,,0,
2025-11-01,2026-03-20,TRIFASICO,not_delivering,10000,Diario,0,0,0,0,,0,,,,,"En curso",2025-06-20,-,0,ABSOLUTE_OCPM,2025-06-20T14:03:15-0500,0,,0,
2025-11-01,2026-03-20,"EFFIWOMAN - ADVTG - PROMPT DIRECTO",not_delivering,25000,Diario,0,0,0,0,,0,,,,,"En curso",2025-09-27,-,0,ABSOLUTE_OCPM,2025-09-29T10:08:28-0500,0,,0,
2025-11-01,2026-03-20,"ADVTG - DIRECTO",not_delivering,20000,Diario,1387394,65270,40089,1579,510,1.219786,2720.380392,254,actions:onsite_conversion.messaging_conversation_started_7d,5462.18110236,"En curso",2025-10-27,"7 días tras clic o 1 día tras visualización",0,ABSOLUTE_OCPM,2025-11-11T21:49:18-0500,21256.227976,,1.628127,
2025-11-01,2026-03-20,"ADVTG - ABIERTO",inactive,15000,Diario,749615,42117,27632,978,282,0.998842,2658.20922,129,actions:onsite_conversion.messaging_conversation_started_7d,5810.96899225,"En curso",2025-10-27,"7 días tras clic o 1 día tras visualización",0,ABSOLUTE_OCPM,0,17798.394947,,1.524211,
2025-11-01,2026-03-20,"ADVTG - INDIRECTO",not_delivering,35000,Diario,3313167,179473,91613,4151,1319,1.307675,2511.877938,634,actions:onsite_conversion.messaging_conversation_started_7d,5225.81545741,"En curso",2025-10-27,"7 días tras clic o 1 día tras visualización",0,ABSOLUTE_OCPM,2025-11-11T21:16:12-0500,18460.531668,,1.959034,
2025-11-01,2026-03-20,"ADVTG - DIRECTO",not_delivering,11000,Diario,62078,3985,3125,93,28,0.864,2217.071429,13,actions:onsite_conversion.messaging_conversation_started_7d,4775.23076923,"En curso",2025-10-27,"7 días tras clic o 1 día tras visualización",0,ABSOLUTE_OCPM,2025-11-04T19:50:37-0500,15577.917189,,1.2752,
2025-11-01,2026-03-20,"ADVTG - INDIRECTO",not_delivering,11000,Diario,62493,4230,3299,95,26,0.727493,2403.576923,12,actions:onsite_conversion.messaging_conversation_started_7d,5207.75,"En curso",2025-10-27,"7 días tras clic o 1 día tras visualización",0,ABSOLUTE_OCPM,2025-11-04T19:50:37-0500,14773.758865,,1.282207,
2025-11-01,2026-03-20,"ADVTG - ABIERTO",not_delivering,11000,Diario,62034,4372,3362,113,43,1.160024,1442.651163,24,actions:onsite_conversion.messaging_conversation_started_7d,2584.75,"En curso",2025-10-27,"7 días tras clic o 1 día tras visualización",0,ABSOLUTE_OCPM,2025-11-04T19:50:38-0500,14188.929552,,1.300416,
2025-11-01,2026-03-20,"GRUPO EFFI - ADVTG - PROMPT DIRECTO - IMG",not_delivering,30000,Diario,176475,15754,7203,256,167,2.137998,1056.736527,81,actions:offsite_conversion.fb_pixel_complete_registration,2178.7037037,"En curso",2025-11-13,"7 días tras clic, 1 día tras visualización o 1 día tras visualización activa",0,ABSOLUTE_OCPM,2025-11-13T17:52:26-0500,11201.916973,,2.187144,
2025-11-01,2026-03-20,"ADVTG - DIRECTO - Copia",active,"Con el presupuesto de la campaña",0,1595995,86516,39361,2678,1462,3.277356,1091.651847,52,actions:offsite_conversion.fb_pixel_complete_registration,30692.21153846,"En curso",2026-01-22,"7 días tras clic, 1 día tras visualización o 1 día tras visualización activa",0,ABSOLUTE_OCPM,2026-03-17T15:55:27-0500,18447.397013,,2.198013,
2025-11-01,2026-03-20,"ADVTG - INDIRECTO - Copia",active,"Con el presupuesto de la campaña",0,119940,5571,4196,217,99,2.168732,1211.515152,4,actions:offsite_conversion.fb_pixel_complete_registration,29985,"En curso",2026-01-22,"7 días tras clic, 1 día tras visualización o 1 día tras visualización activa",0,ABSOLUTE_OCPM,2026-03-17T15:55:27-0500,21529.348411,,1.327693,
2025-11-01,2026-03-20,"GRUPO EFFI - ADVTG - PROMPT DIRECTO",not_delivering,20000,Diario,25538,1604,1169,29,14,1.197605,1824.142857,1,actions:offsite_conversion.fb_pixel_complete_registration,25538,"En curso",2026-03-03,"7 días tras clic, 1 día tras visualización o 1 día tras visualización activa",0,ABSOLUTE_OCPM,2026-03-03T12:02:55-0500,15921.446384,,1.372113,
2025-11-01,2026-03-20,"GRUPO EFFI - ADVTG - ABIERTO - MEDELLIN",not_delivering,20000,Diario,26364,1698,1318,25,15,1.062215,1757.6,4,actions:offsite_conversion.fb_pixel_complete_registration,6591,"En curso",2026-03-03,"7 días tras clic, 1 día tras visualización o 1 día tras visualización activa",0,ABSOLUTE_OCPM,2026-03-03T12:03:08-0500,15526.501767,,1.288316,
2025-11-01,2026-03-20,Broad,inactive,300000,Diario,0,0,0,0,,0,,,,,"En curso",2024-11-24,-,0,ABSOLUTE_OCPM,0,0,,0,
2025-11-01,2026-03-20,DIRECTO,not_delivering,100000,Diario,0,0,0,0,,0,,,,,"En curso",2024-11-24,-,0,ABSOLUTE_OCPM,2024-11-26T14:16:57-0500,0,,0,
2025-11-01,2026-03-20,INDIRECTO,not_delivering,100000,Diario,0,0,0,0,,0,,,,,"En curso",2024-11-24,-,0,ABSOLUTE_OCPM,2024-11-26T14:16:50-0500,0,,0,
2025-11-01,2026-03-20,INDIRECTO,not_delivering,100000,Diario,0,0,0,0,,0,,,,,"En curso",2024-11-25,-,0,ABSOLUTE_OCPM,2024-11-26T14:14:39-0500,0,,0,
2025-11-01,2026-03-20,DIRECTO,not_delivering,100000,Diario,0,0,0,0,,0,,,,,"En curso",2024-11-25,-,0,ABSOLUTE_OCPM,2024-11-26T14:14:29-0500,0,,0,
2025-11-01,2026-03-20,Broad,not_delivering,100000,Diario,0,0,0,0,,0,,,,,"En curso",2024-11-25,-,0,ABSOLUTE_OCPM,2024-11-26T14:14:15-0500,0,,0,
2025-11-01,2026-03-20,"CAEX - INDIRECTO - bienestar",not_delivering,12000,Diario,0,0,0,0,,0,,,,,"En curso",2025-02-08,-,0,ABSOLUTE_OCPM,0,0,,0,
2025-11-01,2026-03-20,"CAEX - ADVANTAGE (25 - 34)",not_delivering,12000,Diario,0,0,0,0,,0,,,,,"En curso",2025-02-08,-,0,ABSOLUTE_OCPM,0,0,,0,
2025-11-01,2026-03-20,"CAEX - DIRECTO - logistica",not_delivering,12000,Diario,0,0,0,0,,0,,,,,"En curso",2025-02-08,-,0,ABSOLUTE_OCPM,0,0,,0,
2025-11-01,2026-03-20,"ADVANTEGE PROM DIRECTO",not_delivering,10000,Diario,0,0,0,0,,0,,,,,"En curso",2025-05-04,-,0,ABSOLUTE_OCPM,0,0,,0,
2025-11-01,2026-03-20,ADVANTEGE,not_delivering,10000,Diario,0,0,0,0,,0,,,,,"En curso",2025-05-04,-,0,ABSOLUTE_OCPM,0,0,,0,
2025-11-01,2026-03-20,"ADVANTEGE -PROM INDIRECTO",not_delivering,10000,Diario,0,0,0,0,,0,,,,,"En curso",2025-05-04,-,0,ABSOLUTE_OCPM,0,0,,0,
2025-11-01,2026-03-20,"GRUPO EFFI - ADVTG - PROMPT DIRECTO",inactive,4200,Diario,0,0,0,0,,0,,,,,"En curso",2025-09-25,-,0,ABSOLUTE_OCPM,0,0,,0,
2025-11-01,2026-03-20,"GRUPO EFFI - ADVTG - PROMPT INDIRECTO",inactive,4200,Diario,0,0,0,0,,0,,,,,"En curso",2025-09-25,-,0,ABSOLUTE_OCPM,0,0,,0,
2025-11-01,2026-03-20,"GRUPO EFFI - ADVTG - ABIERTO - Copia",active,4200,Diario,585358,129377,83218,284,9,0.010815,65039.777778,92160,video_thruplay_watched_actions,6.3515408,"En curso",2025-09-25,"7 días tras clic o 1 día tras visualización",0,ABSOLUTE_OCPM,2026-03-05T01:03:38-0500,4524.436337,,1.554676,
2025-11-01,2026-03-20,"EFFIWOMAN - ADVTG",not_delivering,"Con el presupuesto de la campaña",0,0,0,0,0,,0,,,,,"En curso",2025-10-21,-,0,ABSOLUTE_OCPM,2025-10-22T11:26:41-0500,0,,0,
2025-11-01,2026-03-20,"GRUPO EFFI - ADVTG - PROMPT DIRECTO - IMG",not_delivering,36000,Diario,165676,13252,4770,216,110,2.012579,1506.145455,48,actions:offsite_conversion.fb_pixel_complete_registration,3451.58333333,"En curso",2025-10-31,"7 días tras clic, 1 día tras visualización o 1 día tras visualización activa",0,ABSOLUTE_OCPM,2025-11-04T16:16:23-0500,12501.961968,,2.778197,
2025-11-01,2026-03-20,"GRUPO EFFI - ADVTG - ABIERTO - PÁG 1",not_delivering,"Con el presupuesto de la campaña",0,49588,3810,2213,167,103,3.750565,481.436893,30,actions:offsite_conversion.fb_pixel_complete_registration,1652.93333333,"En curso",2025-11-12,"7 días tras clic, 1 día tras visualización o 1 día tras visualización activa",0,ABSOLUTE_OCPM,0,13015.223097,,1.721645,
2025-11-01,2026-03-20,"GRUPO EFFI - ADVTG - ABIERTO - PÁG 2",not_delivering,"Con el presupuesto de la campaña",0,151390,16478,10623,642,361,3.106467,419.362881,100,actions:offsite_conversion.fb_pixel_complete_registration,1513.9,"En curso",2025-11-12,"7 días tras clic, 1 día tras visualización o 1 día tras visualización activa",0,ABSOLUTE_OCPM,2025-11-12T17:37:33-0500,9187.401384,,1.551163,
2025-11-01,2026-03-20,"ADVTG - DIRECTO",inactive,"Con el presupuesto de la campaña",0,577166,45235,20108,1321,715,2.924209,807.225175,47,conversions:subscribe_website,12280.12765957,"En curso",2026-01-09,"7 días tras clic, 1 día tras visualización o 1 día tras visualización activa",0,ABSOLUTE_OCPM,2026-01-09T16:03:05-0500,12759.279319,,2.249602,
2025-11-01,2026-03-20,"ADVTG - INDIRECTO",inactive,"Con el presupuesto de la campaña",0,166381,11818,7841,413,261,2.856778,637.475096,11,conversions:subscribe_website,15125.54545455,"En curso",2026-01-09,"7 días tras clic, 1 día tras visualización o 1 día tras visualización activa",0,ABSOLUTE_OCPM,2026-01-09T16:03:05-0500,14078.608902,,1.507206,
2025-11-01,2026-03-20,"GRUPO EFFI - ADVTG - ABIERTO - MEDELLIN",not_delivering,15000,Diario,91644,11946,5173,194,103,1.85579,889.747573,49,actions:offsite_conversion.fb_pixel_complete_registration,1870.28571429,"En curso",2026-02-12,"7 días tras clic, 1 día tras visualización o 1 día tras visualización activa",0,ABSOLUTE_OCPM,2026-02-12T15:14:30-0500,7671.521848,,2.309298,
2025-11-01,2026-03-20,"GRUPO EFFI - ADVTG - PROMPT DIRECTO",not_delivering,15000,Diario,80205,9049,4285,178,91,2.007001,881.373626,50,actions:offsite_conversion.fb_pixel_complete_registration,1604.1,"En curso",2026-02-12,"7 días tras clic, 1 día tras visualización o 1 día tras visualización activa",0,ABSOLUTE_OCPM,2026-02-12T15:14:43-0500,8863.410322,,2.111785,
2025-11-01,2026-03-20,"GRUPO EFFI - ADVTG - PROMPT DIRECTO + intereses ponente",inactive,14000,Diario,53926,4246,2214,96,50,2.077687,1078.52,12,actions:offsite_conversion.fb_pixel_complete_registration,4493.83333333,"En curso",2026-02-19,"7 días tras clic, 1 día tras visualización o 1 día tras visualización activa",0,ABSOLUTE_OCPM,0,12700.423928,,1.917796,
2025-11-01,2026-03-20,"GRUPO EFFI - ADVTG - ABIERTO - MEDELLIN",not_delivering,28000,Diario,120739,11692,4553,233,107,2.042609,1128.401869,45,actions:offsite_conversion.fb_pixel_complete_registration,2683.08888889,"En curso",2026-02-19,"7 días tras clic, 1 día tras visualización o 1 día tras visualización activa",0,ABSOLUTE_OCPM,2026-02-23T15:19:45-0500,10326.633596,,2.567977,
2025-11-01,2026-03-20,DIRECTO,not_delivering,400000,Diario,0,0,0,0,,0,,,,,"En curso",2024-11-25,-,0,ABSOLUTE_OCPM,2024-11-25T16:28:18-0500,0,,0,
2025-11-01,2026-03-20,DIRECTO,not_delivering,400000,Diario,0,0,0,0,,0,,,,,"En curso",2024-11-25,-,0,ABSOLUTE_OCPM,2024-11-25T16:28:12-0500,0,,0,
2025-11-01,2026-03-20,BROAD,not_delivering,400000,Diario,0,0,0,0,,0,,,,,"En curso",2024-11-25,-,0,ABSOLUTE_OCPM,2024-11-25T16:27:44-0500,0,,0,
2025-11-01,2026-03-20,SEGUIDORES,not_delivering,100000,Diario,0,0,0,0,,0,,,,,"En curso",2024-11-25,-,0,ABSOLUTE_OCPM,0,0,,0,
2025-11-01,2026-03-20,VISITANTES,not_delivering,100000,Diario,0,0,0,0,,0,,,,,"En curso",2024-11-25,-,0,ABSOLUTE_OCPM,0,0,,0,
2025-11-01,2026-03-20,"R CALIENTE",not_delivering,300000,Diario,0,0,0,0,,0,,,,,"En curso",2024-11-25,-,0,ABSOLUTE_OCPM,0,0,,0,
2025-11-01,2026-03-20,"EFFICAEX 🟢F2 (13) ADVANTAGE | CAPTACION | VENTAS A WEB | REGISTRO | VIDEOS | IG | 08 FEB 2025 Conjunto de anuncios",not_delivering,36000,Diario,0,0,0,0,,0,,,,,"En curso",2025-02-08,-,0,ABSOLUTE_OCPM,0,0,,0,
2025-11-01,2026-03-20,"CAEX - ADVANTAGE (35 - 45)",not_delivering,12000,Diario,0,0,0,0,,0,,,,,"En curso",2025-02-08,-,0,ABSOLUTE_OCPM,0,0,,0,
2025-11-01,2026-03-20,"CAEX - DIRECTO - marketing",not_delivering,12000,Diario,0,0,0,0,,0,,,,,"En curso",2025-02-08,-,0,ABSOLUTE_OCPM,0,0,,0,
2025-11-01,2026-03-20,"CAEX - INDIRECTO - finanzas",not_delivering,12000,Diario,0,0,0,0,,0,,,,,"En curso",2025-02-08,-,0,ABSOLUTE_OCPM,0,0,,0,
2025-11-01,2026-03-20,"SIMILAR CALIENTE",not_delivering,5000,Diario,0,0,0,0,,0,,,,,"En curso",2025-05-07,-,0,ABSOLUTE_OCPM,2025-05-07T13:29:26-0500,0,,0,
2025-11-01,2026-03-20,"SIMILAR REPR VID",not_delivering,5000,Diario,0,0,0,0,,0,,,,,"En curso",2025-05-07,-,0,ABSOLUTE_OCPM,0,0,,0,
2025-11-01,2026-03-20,"SIMILAR SEGUIDORES",not_delivering,5000,Diario,0,0,0,0,,0,,,,,"En curso",2025-05-07,-,0,ABSOLUTE_OCPM,0,0,,0,
2025-11-01,2026-03-20,"PROMT INDIRECTO",not_delivering,5000,Diario,0,0,0,0,,0,,,,,"En curso",2025-05-07,-,0,ABSOLUTE_OCPM,0,0,,0,
2025-11-01,2026-03-20,ADVANTAGE,not_delivering,5000,Diario,0,0,0,0,,0,,,,,"En curso",2025-05-07,-,0,ABSOLUTE_OCPM,0,0,,0,
2025-11-01,2026-03-20,"PROMT DIRECTO",not_delivering,5000,Diario,0,0,0,0,,0,,,,,"En curso",2025-05-07,-,0,ABSOLUTE_OCPM,2026-01-09T16:06:16-0500,0,,0,
2025-11-01,2026-03-20,"PUBLICO CALIENTE",not_delivering,10000,Diario,0,0,0,0,,0,,,,,"En curso",2025-06-06,-,0,ABSOLUTE_OCPM,2025-06-06T17:09:24-0500,0,,0,
2025-11-01,2026-03-20,TRIFASICO,not_delivering,10000,Diario,0,0,0,0,,0,,,,,"En curso",2025-06-06,-,0,ABSOLUTE_OCPM,2025-06-06T17:09:23-0500,0,,0,
2025-11-01,2026-03-20,"PUBLICO TIBIO",not_delivering,10000,Diario,0,0,0,0,,0,,,,,"En curso",2025-06-06,-,0,ABSOLUTE_OCPM,0,0,,0,
2025-11-01,2026-03-20,"EFFICOMMERCE - ADVTG - INDIRECTO",not_delivering,25000,Diario,0,0,0,0,,0,,,,,"En curso",2025-10-23,-,0,ABSOLUTE_OCPM,0,0,,0,
2025-11-01,2026-03-20,"EFFICOMMERCE - ADVTG - DIRECTO",not_delivering,25000,Diario,0,0,0,0,,0,,,,,"En curso",2025-10-23,-,0,ABSOLUTE_OCPM,0,0,,0,
2025-11-01,2026-03-20,"EFFICOMMERCE - ADVTG - ABIERTO",not_delivering,25000,Diario,0,0,0,0,,0,,,,,"En curso",2025-10-23,-,0,ABSOLUTE_OCPM,0,0,,0,
2025-11-01,2026-03-20,"GRUPO EFFI - ADVTG - PROMPT DIRECTO - IMG",not_delivering,27600,Diario,180397,19241,8878,329,143,1.464294,1261.517483,53,actions:offsite_conversion.fb_pixel_complete_registration,3403.71698113,"En curso",2025-11-27,"7 días tras clic, 1 día tras visualización o 1 día tras visualización activa",0,ABSOLUTE_OCPM,0,9375.656151,,2.167267,
2025-11-01,2026-03-20,"IG OSWALDO - ADVTG - PROMPT DIRECTO",active,"Con el presupuesto de la campaña",0,4640,1488,1258,3,,0,,713,video_thruplay_watched_actions,6.50771388,"En curso",2026-03-18,"7 días tras clic o 1 día tras visualización",0,ABSOLUTE_OCPM,0,3118.27957,,1.18283,
2025-11-01,2026-03-20,"IG JUAN - ADVTG - ABIERTO",active,"Con el presupuesto de la campaña",0,9431,2391,1835,2,,0,,1433,video_thruplay_watched_actions,6.58129798,"En curso",2026-03-18,"7 días tras clic o 1 día tras visualización",0,ABSOLUTE_OCPM,0,3944.374739,,1.302997,
2025-11-01,2026-03-20,Broad,not_delivering,100000,Diario,0,0,0,0,,0,,,,,"En curso",2024-11-24,-,0,ABSOLUTE_OCPM,2024-11-26T14:17:53-0500,0,,0,
2025-11-01,2026-03-20,SEGUIDORES,not_delivering,100000,Diario,0,0,0,0,,0,,,,,"En curso",2024-11-25,-,0,ABSOLUTE_OCPM,0,0,,0,
2025-11-01,2026-03-20,"R CALIENTE",not_delivering,100000,Diario,0,0,0,0,,0,,,,,"En curso",2024-11-25,-,0,ABSOLUTE_OCPM,0,0,,0,
2025-11-01,2026-03-20,VISITAS,not_delivering,100000,Diario,0,0,0,0,,0,,,,,"En curso",2024-11-25,-,0,ABSOLUTE_OCPM,0,0,,0,
2025-11-01,2026-03-20,"directo 2",not_delivering,5000,Diario,0,0,0,0,,0,,,,,"En curso",2025-01-10,-,0,CPA,0,0,,0,
2025-11-01,2026-03-20,"directo 2",not_delivering,5000,Diario,0,0,0,0,,0,,,,,"En curso",2025-01-10,-,0,CPA,0,0,,0,
2025-11-01,2026-03-20,"CAEX - DIRECTO - marketing",not_delivering,5000,Diario,0,0,0,0,,0,,,,,"En curso",2025-02-06,-,0,ABSOLUTE_OCPM,2025-05-07T13:27:30-0500,0,,0,
2025-11-01,2026-03-20,"CAEX - SIMILAR SEGUIDORES",not_delivering,5000,Diario,0,0,0,0,,0,,,,,"En curso",2025-02-06,-,0,ABSOLUTE_OCPM,0,0,,0,
2025-11-01,2026-03-20,"CAEX - ADVANTAGE",not_delivering,5000,Diario,0,0,0,0,,0,,,,,"En curso",2025-02-06,-,0,ABSOLUTE_OCPM,0,0,,0,
2025-11-01,2026-03-20,"CAEX - INDIRECTO - bienestar",not_delivering,18000,Diario,0,0,0,0,,0,,,,,"En curso",2025-02-06,-,0,ABSOLUTE_OCPM,0,0,,0,
2025-11-01,2026-03-20,"CAEX - ADVANTAGE (35 - 45)",not_delivering,18000,Diario,0,0,0,0,,0,,,,,"En curso",2025-02-06,-,0,ABSOLUTE_OCPM,0,0,,0,
2025-11-01,2026-03-20,"CAEX - DIRECTO - logistica",not_delivering,18000,Diario,0,0,0,0,,0,,,,,"En curso",2025-02-06,-,0,ABSOLUTE_OCPM,0,0,,0,
2025-11-01,2026-03-20,"CAEX - ADVANTAGE (25 - 45)",not_delivering,12000,Diario,0,0,0,0,,0,,,,,"En curso",2025-02-08,-,0,ABSOLUTE_OCPM,0,0,,0,
2025-11-01,2026-03-20,"CAEX - ADVANTAGE (25 - 45)",inactive,12000,Diario,0,0,0,0,,0,,,,,"En curso",2025-02-08,-,0,ABSOLUTE_OCPM,0,0,,0,
2025-11-01,2026-03-20,"CAEX - ADVANTAGE (25 - 45)",inactive,12000,Diario,0,0,0,0,,0,,,,,"En curso",2025-02-08,-,0,ABSOLUTE_OCPM,0,0,,0,
2025-11-01,2026-03-20,"PROMT DIRECTO",not_delivering,6600,Diario,0,0,0,0,,0,,,,,"En curso",2025-05-06,-,0,ABSOLUTE_OCPM,0,0,,0,
2025-11-01,2026-03-20,"PROMT INDIRECTO",not_delivering,6600,Diario,0,0,0,0,,0,,,,,"En curso",2025-05-06,-,0,ABSOLUTE_OCPM,2025-07-04T15:06:02-0500,0,,0,
2025-11-01,2026-03-20,ADVANTAGE,not_delivering,6600,Diario,0,0,0,0,,0,,,,,"En curso",2025-05-06,-,0,ABSOLUTE_OCPM,2025-07-04T17:10:17-0500,0,,0,
2025-11-01,2026-03-20,"EFFI ADV-",not_delivering,6250,Diario,0,0,0,0,,0,,,,,"En curso",2025-07-24,-,0,ABSOLUTE_OCPM,2025-07-24T07:03:47-0500,0,,0,
2025-11-01,2026-03-20,"ADVTG - DIRECTO",not_delivering,"Con el presupuesto de la campaña",0,0,0,0,0,,0,,,,,"En curso",2025-10-16,-,0,ABSOLUTE_OCPM,2025-10-21T00:22:25-0500,0,,0,
2025-11-01,2026-03-20,"ADVTG - ABIERTO",not_delivering,"Con el presupuesto de la campaña",0,0,0,0,0,,0,,,,,"En curso",2025-10-16,-,0,ABSOLUTE_OCPM,2025-10-21T00:22:25-0500,0,,0,
2025-11-01,2026-03-20,"ADVTG - INDIRECTO",not_delivering,"Con el presupuesto de la campaña",0,0,0,0,0,,0,,,,,"En curso",2025-10-16,-,0,ABSOLUTE_OCPM,2025-10-21T00:22:25-0500,0,,0,
2025-11-01,2026-03-20,"ADVTG - PROMPT DIRECTO - IMAGEN - Copia",not_delivering,"Con el presupuesto de la campaña",0,75734,4145,2702,74,42,1.443375,1803.190476,11,actions:offsite_conversion.fb_pixel_complete_registration,6884.90909091,"En curso",2025-11-10,"7 días tras clic, 1 día tras visualización o 1 día tras visualización activa",0,ABSOLUTE_OCPM,2025-11-10T09:49:26-0500,18271.170084,,1.534049,
2025-11-01,2026-03-20,"EFFICOMMERCE - RMKT TRIFASICO",not_delivering,"Con el presupuesto de la campaña",0,74342,2383,1016,24,8,0.688976,9292.75,3,actions:onsite_conversion.messaging_conversation_started_7d,24780.66666667,"En curso",2025-11-10,"7 días tras clic o 1 día tras visualización",0,ABSOLUTE_OCPM,2025-11-10T15:19:55-0500,31196.810743,,2.345472,
2025-11-01,2026-03-20,"ADVTG - ABIERTO - Registro",active,"Con el presupuesto de la campaña",0,59142,2973,2248,121,62,2.580071,953.903226,1,actions:offsite_conversion.fb_pixel_complete_registration,59142,"En curso",2026-03-20,"7 días tras clic, 1 día tras visualización o 1 día tras visualización activa",0,ABSOLUTE_OCPM,0,19893.037336,,1.322509,
2025-11-01,2026-03-20,"R Caliente",not_delivering,100000,Diario,0,0,0,0,,0,,,,,"En curso",2024-11-25,-,0,ABSOLUTE_OCPM,0,0,,0,
2025-11-01,2026-03-20,"visitantes sitio web",not_delivering,100000,Diario,0,0,0,0,,0,,,,,"En curso",2024-11-25,-,0,ABSOLUTE_OCPM,0,0,,0,
2025-11-01,2026-03-20,seguidores,not_delivering,100000,Diario,0,0,0,0,,0,,,,,"En curso",2024-11-25,-,0,ABSOLUTE_OCPM,0,0,,0,
2025-11-01,2026-03-20,SEGUIDORES,not_delivering,800000,Diario,0,0,0,0,,0,,,,,"En curso",2024-11-25,-,0,ABSOLUTE_OCPM,0,0,,0,
2025-11-01,2026-03-20,Advantage,not_delivering,5000,Diario,0,0,0,0,,0,,,,,"En curso",2024-12-21,-,0,CPA,0,0,,0,
2025-11-01,2026-03-20,seguidores,not_delivering,5000,Diario,0,0,0,0,,0,,,,,"En curso",2024-12-21,-,0,CPA,0,0,,0,
2025-11-01,2026-03-20,Trifasico,not_delivering,5000,Diario,0,0,0,0,,0,,,,,"En curso",2024-12-21,-,0,CPA,0,0,,0,
2025-11-01,2026-03-20,"EFFICAEX 🟢F2 (17) ADVANTAGE | CAPTACION | VENTAS A WEB | REGISTRO | VIDEOS | IG | 08 FEB 2025 Campaña   Conjunto de anuncios",not_delivering,36000,Diario,0,0,0,0,,0,,,,,"En curso",2025-02-08,-,0,ABSOLUTE_OCPM,0,0,,0,
2025-11-01,2026-03-20,"CAEX - INDIRECTO - finanzas",not_delivering,12000,Diario,0,0,0,0,,0,,,,,"En curso",2025-02-08,-,0,ABSOLUTE_OCPM,0,0,,0,
2025-11-01,2026-03-20,"CAEX - DIRECTO - marketing",not_delivering,12000,Diario,0,0,0,0,,0,,,,,"En curso",2025-02-08,-,0,ABSOLUTE_OCPM,0,0,,0,
2025-11-01,2026-03-20,"CAEX - ADVANTAGE (25 - 34)",not_delivering,12000,Diario,0,0,0,0,,0,,,,,"En curso",2025-02-08,-,0,ABSOLUTE_OCPM,0,0,,0,
2025-11-01,2026-03-20,"CAEX - ADVANTAGE (25 - 34)",inactive,12000,Diario,0,0,0,0,,0,,,,,"En curso",2025-02-08,-,0,ABSOLUTE_OCPM,0,0,,0,
2025-11-01,2026-03-20,"CAEX - ADVANTAGE (25 - 34)",inactive,12000,Diario,0,0,0,0,,0,,,,,"En curso",2025-02-08,-,0,ABSOLUTE_OCPM,0,0,,0,
2025-11-01,2026-03-20,"SIMILAR TIBIO 60D",not_delivering,9375,Diario,0,0,0,0,,0,,,,,"En curso",2025-03-03,-,0,ABSOLUTE_OCPM,0,0,,0,
2025-11-01,2026-03-20,"SIMILAR CALIENTE 60D",not_delivering,9375,Diario,0,0,0,0,,0,,,,,"En curso",2025-03-03,-,0,ABSOLUTE_OCPM,0,0,,0,
2025-11-01,2026-03-20,"SIMILAR TRIFASICO 60D",not_delivering,9375,Diario,0,0,0,0,,0,,,,,"En curso",2025-03-03,-,0,ABSOLUTE_OCPM,0,0,,0,
2025-11-01,2026-03-20,ADVANTAGE,not_delivering,5000,Diario,0,0,0,0,,0,,,,,"En curso",2025-05-07,-,0,ABSOLUTE_OCPM,0,0,,0,
2025-11-01,2026-03-20,"PROMT DIRECTO",not_delivering,5000,Diario,0,0,0,0,,0,,,,,"En curso",2025-05-07,-,0,ABSOLUTE_OCPM,2026-01-09T16:06:13-0500,0,,0,
2025-11-01,2026-03-20,"PROMT INDIRECTO",not_delivering,5000,Diario,0,0,0,0,,0,,,,,"En curso",2025-05-07,-,0,ABSOLUTE_OCPM,0,0,,0,
2025-11-01,2026-03-20,"IG JUAN - ADVTG - PROMPT DIRECTO",active,"Con el presupuesto de la campaña",0,312832,165560,131941,1869,326,0.24708,959.607362,40064,video_thruplay_watched_actions,7.80830671,"En curso",2025-11-20,"7 días tras clic o 1 día tras visualización",0,ABSOLUTE_OCPM,2026-02-23T17:49:08-0500,1889.538536,,1.254803,
2025-11-01,2026-03-20,"IG JUAN - ADVTG - ABIERTO",active,"Con el presupuesto de la campaña",0,285746,172183,141316,3613,725,0.504543,394.132414,45082,video_thruplay_watched_actions,6.33836121,"En curso",2025-11-20,"7 días tras clic o 1 día tras visualización",0,ABSOLUTE_OCPM,2026-03-20T03:26:39-0500,1659.548271,,1.218425,
2025-11-01,2026-03-20,"GRUPO EFFI - ADVTG - PROMPT DIRECTO",not_delivering,54687,Diario,108546,9993,7413,235,137,1.780656,792.306569,50,actions:offsite_conversion.fb_pixel_complete_registration,2170.92,"En curso",2026-02-02,"7 días tras clic, 1 día tras visualización o 1 día tras visualización activa",0,ABSOLUTE_OCPM,2026-02-02T11:12:12-0500,10862.203542,,1.348037,
2025-11-01,2026-03-20,"GRUPO EFFI - ADVTG - ABIERTO - MEDELLIN",not_delivering,54687,Diario,116381,10883,7736,255,163,1.990693,713.993865,71,actions:offsite_conversion.fb_pixel_complete_registration,1639.16901408,"En curso",2026-02-02,"7 días tras clic, 1 día tras visualización o 1 día tras visualización activa",0,ABSOLUTE_OCPM,2026-02-02T10:11:09-0500,10693.834421,,1.406799,
2025-11-01,2026-03-20,"GRUPO EFFI - ADVTG - PROMPT DIRECTO",inactive,20000,Diario,10737,890,810,8,4,0.493827,2684.25,,,,"En curso",2026-02-28,"7 días tras clic, 1 día tras visualización o 1 día tras visualización activa",0,ABSOLUTE_OCPM,2026-03-03T18:57:24-0500,12064.044944,,1.098765,
2025-11-01,2026-03-20,"GRUPO EFFI - ADVTG - ABIERTO - MEDELLIN",not_delivering,20000,Diario,32913,2816,2206,36,17,0.770626,1936.058824,2,actions:offsite_conversion.fb_pixel_complete_registration,16456.5,"En curso",2026-02-28,"7 días tras clic, 1 día tras visualización o 1 día tras visualización activa",0,ABSOLUTE_OCPM,2026-03-03T18:52:07-0500,11687.855114,,1.276519,
2025-11-01,2026-03-20,Broad,not_delivering,900000,Diario,0,0,0,0,,0,,,,,"En curso",2024-11-24,-,0,ABSOLUTE_OCPM,0,0,,0,
2025-11-01,2026-03-20,"CAEX - ADVANTAGE (35 - 45)",inactive,12000,Diario,0,0,0,0,,0,,,,,"En curso",2025-02-08,-,0,ABSOLUTE_OCPM,0,0,,0,
2025-11-01,2026-03-20,"CAEX - ADVANTAGE (25 - 45)",not_delivering,12000,Diario,0,0,0,0,,0,,,,,"En curso",2025-02-08,-,0,ABSOLUTE_OCPM,0,0,,0,
2025-11-01,2026-03-20,"CAEX - ADVANTAGE (25 - 34)",not_delivering,12000,Diario,0,0,0,0,,0,,,,,"En curso",2025-02-09,-,0,ABSOLUTE_OCPM,0,0,,0,
2025-11-01,2026-03-20,"CAEX - ADVANTAGE (25 - 34)",not_delivering,12000,Diario,0,0,0,0,,0,,,,,"En curso",2025-02-09,-,0,ABSOLUTE_OCPM,0,0,,0,
2025-11-01,2026-03-20,"CAEX - ADVANTAGE (25 - 34)",not_delivering,12000,Diario,0,0,0,0,,0,,,,,"En curso",2025-02-09,-,0,ABSOLUTE_OCPM,0,0,,0,
2025-11-01,2026-03-20,"INDIRECTO SYSTEMS",not_delivering,9375,Diario,0,0,0,0,,0,,,,,"En curso",2025-03-03,-,0,ABSOLUTE_OCPM,0,0,,0,
2025-11-01,2026-03-20,"DIRECTO SYSTEMS",not_delivering,9375,Diario,0,0,0,0,,0,,,,,"En curso",2025-03-03,-,0,ABSOLUTE_OCPM,0,0,,0,
2025-11-01,2026-03-20,"ADVANTAGE SYSTEMS",not_delivering,9375,Diario,0,0,0,0,,0,,,,,"En curso",2025-03-03,-,0,ABSOLUTE_OCPM,0,0,,0,
2025-11-01,2026-03-20,"ADVANTAGE PROM DIRECTO",not_delivering,"Con el presupuesto de la campaña",0,0,0,0,0,,0,,,,,"En curso",2025-06-12,-,0,ABSOLUTE_OCPM,2025-06-12T11:07:20-0500,0,,0,
2025-11-01,2026-03-20,"ADVANTAGE - PROM INDIRECTO",not_delivering,"Con el presupuesto de la campaña",0,0,0,0,0,,0,,,,,"En curso",2025-06-12,-,0,ABSOLUTE_OCPM,2025-06-12T11:07:17-0500,0,,0,
2025-11-01,2026-03-20,"SIMILAR ENVIARON MSN WAP 120 FB COL",not_delivering,4200,Diario,0,0,0,0,,0,,,,,"En curso",2025-07-07,-,0,ABSOLUTE_OCPM,2025-07-07T13:03:08-0500,0,,0,
2025-11-01,2026-03-20,"SIMILAR ENVIARON MSN WAP 120 IG COL",not_delivering,4200,Diario,0,0,0,0,,0,,,,,"En curso",2025-07-07,-,0,ABSOLUTE_OCPM,2025-07-07T13:03:06-0500,0,,0,
2025-11-01,2026-03-20,"SIMILAR COL 120 D R.V 95 3 AL 6% Y 6 AL 10% Y ENVIARON MENSAJES IG / FB",not_delivering,5000,Diario,0,0,0,0,,0,,,,,"En curso",2025-07-07,-,0,ABSOLUTE_OCPM,2025-07-09T08:13:00-0500,0,,0,
2025-11-01,2026-03-20,"EFFIWOMAN - ADVTG - PROMPT DIRECTO - IMAGEN",inactive,5000,Diario,0,0,0,0,,0,,,,,"En curso",2025-10-10,-,0,ABSOLUTE_OCPM,2025-10-13T00:21:38-0500,0,,0,
2025-11-01,2026-03-20,"EFFIWOMAN - ADVTG - PROMPT DIRECTO - VIDEO 1",not_delivering,35000,Diario,0,0,0,0,,0,,,,,"En curso",2025-10-10,-,0,ABSOLUTE_OCPM,2025-10-12T19:12:26-0500,0,,0,
2025-11-01,2026-03-20,"EFFIWOMAN - ADVTG - PROMPT DIRECTO - VIDEO 2",not_delivering,10000,Diario,0,0,0,0,,0,,,,,"En curso",2025-10-10,-,0,ABSOLUTE_OCPM,2025-10-10T18:16:35-0500,0,,0,
2025-11-01,2026-03-20,"GRUPO EFFI - ADVTG - PROMPT DIRECTO",not_delivering,"Con el presupuesto de la campaña",0,0,0,0,0,,0,,,,,"En curso",2025-10-12,-,0,ABSOLUTE_OCPM,2025-10-12T19:55:36-0500,0,,0,
2025-11-01,2026-03-20,"GRUPO EFFI - ADVTG - PROMPT DIRECTO - IMG - Copia",not_delivering,"Con el presupuesto de la campaña",0,0,0,0,0,,0,,,,,"En curso",2025-10-12,-,0,ABSOLUTE_OCPM,2025-10-12T19:55:40-0500,0,,0,
2025-11-01,2026-03-20,"EFFIWOMAN NUEVA PAG - ADVTG - PROMPT DIRECTO - IMAGEN",not_delivering,30000,Diario,0,0,0,0,,0,,,,,"En curso",2025-10-22,-,0,ABSOLUTE_OCPM,2025-10-27T10:11:48-0500,0,,0,
2025-11-01,2026-03-20,"EFFIWOMAN NUEVA PAG - ADVTG - PROMPT DIRECTO - VIDEOS",not_delivering,30000,Diario,0,0,0,0,,0,,,,,"En curso",2025-10-23,-,0,ABSOLUTE_OCPM,2025-10-27T10:11:41-0500,0,,0,
2025-11-01,2026-03-20,"IG SARA - ADVTG - ABIERTO",not_delivering,"Con el presupuesto de la campaña",0,152595,163516,132675,3374,19,0.014321,8031.315789,124622,actions:post_engagement,1.22446278,"En curso",2025-11-26,"7 días tras clic o 1 día tras visualización",0,ABSOLUTE_OCPM,2025-11-26T18:47:12-0500,933.211429,,1.232455,
2025-11-01,2026-03-20,"IG SARA - ADVTG - PROMPT DIRECTO",not_delivering,"Con el presupuesto de la campaña",0,309921,288597,220326,5942,139,0.062634,2229.647482,220870,actions:post_engagement,1.40318287,"En curso",2025-11-26,"7 días tras clic o 1 día tras visualización",0,ABSOLUTE_OCPM,2025-11-26T18:47:13-0500,1073.888502,,1.309864,
2025-11-01,2026-03-20,"GRUPO EFFI - ADVTG - ABIERTO - MEDELLIN",inactive,13800,Diario,58417,8163,4220,292,129,2.867299,452.844961,34,actions:offsite_conversion.fb_pixel_complete_registration,1718.14705882,"En curso",2026-02-05,"7 días tras clic, 1 día tras visualización o 1 día tras visualización activa",0,ABSOLUTE_OCPM,2026-02-05T20:20:36-0500,7156.31508,,1.93436,
2025-11-01,2026-03-20,"GRUPO EFFI - ADVTG - PROMPT DIRECTO",not_delivering,32000,Diario,115532,17497,8016,636,304,3.343313,380.039474,87,actions:offsite_conversion.fb_pixel_complete_registration,1327.95402299,"En curso",2026-02-05,"7 días tras clic, 1 día tras visualización o 1 día tras visualización activa",0,ABSOLUTE_OCPM,2026-02-10T10:52:27-0500,6602.960508,,2.182759,
2025-11-01,2026-03-20,"CAEX - ADVANTAGE (25 - 45)",inactive,12000,Diario,0,0,0,0,,0,,,,,"En curso",2025-02-08,-,0,ABSOLUTE_OCPM,0,0,,0,
2025-11-01,2026-03-20,"CAEX - ADVANTAGE (25 - 45)",not_delivering,12000,Diario,0,0,0,0,,0,,,,,"En curso",2025-02-08,-,0,ABSOLUTE_OCPM,0,0,,0,
2025-11-01,2026-03-20,"ADVANTAGE - PROM INDIRECTO",not_delivering,5000,Diario,0,0,0,0,,0,,,,,"En curso",2025-05-06,-,0,ABSOLUTE_OCPM,0,0,,0,
2025-11-01,2026-03-20,ADVANTAGE,not_delivering,5000,Diario,0,0,0,0,,0,,,,,"En curso",2025-05-06,-,0,ABSOLUTE_OCPM,0,0,,0,
2025-11-01,2026-03-20,"ADVANTAGE - PROM DIRECTO",not_delivering,5000,Diario,0,0,0,0,,0,,,,,"En curso",2025-05-06,-,0,ABSOLUTE_OCPM,0,0,,0,
2025-11-01,2026-03-20,ADVANTAGE,inactive,5000,Diario,0,0,0,0,,0,,,,,"En curso",2025-05-07,-,0,ABSOLUTE_OCPM,0,0,,0,
2025-11-01,2026-03-20,ADVANTAGE,inactive,5000,Diario,0,0,0,0,,0,,,,,"En curso",2025-05-07,-,0,ABSOLUTE_OCPM,0,0,,0,
2025-11-01,2026-03-20,ADVANTAGE,not_delivering,5000,Diario,0,0,0,0,,0,,,,,"En curso",2025-05-07,-,0,ABSOLUTE_OCPM,0,0,,0,
2025-11-01,2026-03-20,"PUBLICO TIBIO",not_delivering,10000,Diario,0,0,0,0,,0,,,,,"En curso",2025-06-20,-,0,ABSOLUTE_OCPM,2025-06-20T14:00:19-0500,0,,0,
2025-11-01,2026-03-20,"PUBLICO CALIENTE",not_delivering,10000,Diario,0,0,0,0,,0,,,,,"En curso",2025-06-20,-,0,ABSOLUTE_OCPM,2025-06-20T14:00:28-0500,0,,0,
2025-11-01,2026-03-20,TRIFASICO,not_delivering,10000,Diario,0,0,0,0,,0,,,,,"En curso",2025-06-20,-,0,ABSOLUTE_OCPM,2025-06-20T14:00:28-0500,0,,0,
2025-11-01,2026-03-20,ABIERTO,not_delivering,"Con el presupuesto de la campaña",0,53958,6022,4224,179,111,2.296402,486.108108,50,actions:offsite_conversion.fb_pixel_complete_registration,1079.16,"En curso",2026-03-12,"7 días tras clic, 1 día tras visualización o 1 día tras visualización activa",0,ABSOLUTE_OCPM,2026-03-15T02:21:24-0500,8960.146131,,1.425663,
2025-11-01,2026-03-20,"INTERESES MUJERES EMPRENDEDORAS",not_delivering,"Con el presupuesto de la campaña",0,55030,6265,4002,182,114,2.598701,482.719298,54,actions:offsite_conversion.fb_pixel_complete_registration,1019.07407407,"En curso",2026-03-12,"7 días tras clic, 1 día tras visualización o 1 día tras visualización activa",0,ABSOLUTE_OCPM,2026-03-15T02:20:43-0500,8783.719074,,1.565467,
2025-11-01,2026-03-20,DIRECTO,not_delivering,"Con el presupuesto de la campaña",0,55959,5964,3915,192,109,2.579821,513.385321,53,actions:offsite_conversion.fb_pixel_complete_registration,1055.83018868,"En curso",2026-03-12,"7 días tras clic, 1 día tras visualización o 1 día tras visualización activa",0,ABSOLUTE_OCPM,2026-03-15T02:21:42-0500,9382.796781,,1.523372,
